Phi[deg],Theta[deg],RealizedGainY
-180,0,30.3095
-178,0,30.3095
-176,0,30.3095
-174,0,30.3095
-172,0,30.3095
-170,0,30.3095
-168,0,30.3095
-166,0,30.3095
-164,0,30.3095
-162,0,30.3095
-160,0,30.3095
-158,0,30.3095
-156,0,30.3095
-154,0,30.3095
-152,0,30.3095
-150,0,30.3095
-148,0,30.3095
-146,0,30.3095
-144,0,30.3095
-142,0,30.3095
-140,0,30.3095
-138,0,30.3095
-136,0,30.3095
-134,0,30.3095
-132,0,30.3095
-130,0,30.3095
-128,0,30.3095
-126,0,30.3095
-124,0,30.3095
-122,0,30.3095
-120,0,30.3095
-118,0,30.3095
-116,0,30.3095
-114,0,30.3095
-112,0,30.3095
-110,0,30.3095
-108,0,30.3095
-106,0,30.3095
-104,0,30.3095
-102,0,30.3095
-100,0,30.3095
-98,0,30.3095
-96,0,30.3095
-94,0,30.3095
-92,0,30.3095
-90,0,30.3095
-88,0,30.3095
-86,0,30.3095
-84,0,30.3095
-82,0,30.3095
-80,0,30.3095
-78,0,30.3095
-76,0,30.3095
-74,0,30.3095
-72,0,30.3095
-70,0,30.3095
-68,0,30.3095
-66,0,30.3095
-64,0,30.3095
-62,0,30.3095
-60,0,30.3095
-58,0,30.3095
-56,0,30.3095
-54,0,30.3095
-52,0,30.3095
-50,0,30.3095
-48,0,30.3095
-46,0,30.3095
-44,0,30.3095
-42,0,30.3095
-40,0,30.3095
-38,0,30.3095
-36,0,30.3095
-34,0,30.3095
-32,0,30.3095
-30,0,30.3095
-28,0,30.3095
-26,0,30.3095
-24,0,30.3095
-22,0,30.3095
-20,0,30.3095
-18,0,30.3095
-16,0,30.3095
-14,0,30.3095
-12,0,30.3095
-10,0,30.3095
-8,0,30.3095
-6,0,30.3095
-4,0,30.3095
-2,0,30.3095
0,0,30.3095
2,0,30.3095
4,0,30.3095
6,0,30.3095
8,0,30.3095
10,0,30.3095
12,0,30.3095
14,0,30.3095
16,0,30.3095
18,0,30.3095
20,0,30.3095
22,0,30.3095
24,0,30.3095
26,0,30.3095
28,0,30.3095
30,0,30.3095
32,0,30.3095
34,0,30.3095
36,0,30.3095
38,0,30.3095
40,0,30.3095
42,0,30.3095
44,0,30.3095
46,0,30.3095
48,0,30.3095
50,0,30.3095
52,0,30.3095
54,0,30.3095
56,0,30.3095
58,0,30.3095
60,0,30.3095
62,0,30.3095
64,0,30.3095
66,0,30.3095
68,0,30.3095
70,0,30.3095
72,0,30.3095
74,0,30.3095
76,0,30.3095
78,0,30.3095
80,0,30.3095
82,0,30.3095
84,0,30.3095
86,0,30.3095
88,0,30.3095
90,0,30.3095
92,0,30.3095
94,0,30.3095
96,0,30.3095
98,0,30.3095
100,0,30.3095
102,0,30.3095
104,0,30.3095
106,0,30.3095
108,0,30.3095
110,0,30.3095
112,0,30.3095
114,0,30.3095
116,0,30.3095
118,0,30.3095
120,0,30.3095
122,0,30.3095
124,0,30.3095
126,0,30.3095
128,0,30.3095
130,0,30.3095
132,0,30.3095
134,0,30.3095
136,0,30.3095
138,0,30.3095
140,0,30.3095
142,0,30.3095
144,0,30.3095
146,0,30.3095
148,0,30.3095
150,0,30.3095
152,0,30.3095
154,0,30.3095
156,0,30.3095
158,0,30.3095
160,0,30.3095
162,0,30.3095
164,0,30.3095
166,0,30.3095
168,0,30.3095
170,0,30.3095
172,0,30.3095
174,0,30.3095
176,0,30.3095
178,0,30.3095
180,0,30.3095
-180,2,30.1132
-178,2,30.109
-176,2,30.1037
-174,2,30.0972
-172,2,30.0897
-170,2,30.081
-168,2,30.0714
-166,2,30.0607
-164,2,30.0491
-162,2,30.0366
-160,2,30.0232
-158,2,30.009
-156,2,29.994
-154,2,29.9784
-152,2,29.9622
-150,2,29.9454
-148,2,29.9281
-146,2,29.9105
-144,2,29.8925
-142,2,29.8742
-140,2,29.8558
-138,2,29.8373
-136,2,29.8188
-134,2,29.8004
-132,2,29.7822
-130,2,29.7642
-128,2,29.7465
-126,2,29.7292
-124,2,29.7123
-122,2,29.6961
-120,2,29.6804
-118,2,29.6654
-116,2,29.6512
-114,2,29.6379
-112,2,29.6253
-110,2,29.6138
-108,2,29.6032
-106,2,29.5936
-104,2,29.5852
-102,2,29.5778
-100,2,29.5716
-98,2,29.5665
-96,2,29.5627
-94,2,29.56
-92,2,29.5586
-90,2,29.5584
-88,2,29.5595
-86,2,29.5617
-84,2,29.5652
-82,2,29.5699
-80,2,29.5758
-78,2,29.5828
-76,2,29.5909
-74,2,29.6001
-72,2,29.6104
-70,2,29.6217
-68,2,29.6339
-66,2,29.647
-64,2,29.6609
-62,2,29.6756
-60,2,29.6911
-58,2,29.7071
-56,2,29.7238
-54,2,29.7409
-52,2,29.7584
-50,2,29.7763
-48,2,29.7944
-46,2,29.8128
-44,2,29.8312
-42,2,29.8496
-40,2,29.868
-38,2,29.8862
-36,2,29.9042
-34,2,29.9219
-32,2,29.9392
-30,2,29.9561
-28,2,29.9724
-26,2,29.9882
-24,2,30.0032
-22,2,30.0176
-20,2,30.0311
-18,2,30.0438
-16,2,30.0556
-14,2,30.0665
-12,2,30.0763
-10,2,30.0852
-8,2,30.093
-6,2,30.0997
-4,2,30.1053
-2,2,30.1097
0,2,30.1131
2,2,30.1153
4,2,30.1163
6,2,30.1163
8,2,30.1151
10,2,30.1128
12,2,30.1094
14,2,30.105
16,2,30.0995
18,2,30.0931
20,2,30.0858
22,2,30.0775
24,2,30.0684
26,2,30.0585
28,2,30.0479
30,2,30.0367
32,2,30.0248
34,2,30.0124
36,2,29.9995
38,2,29.9863
40,2,29.9728
42,2,29.959
44,2,29.945
46,2,29.931
48,2,29.917
50,2,29.903
52,2,29.8892
54,2,29.8756
56,2,29.8623
58,2,29.8494
60,2,29.8369
62,2,29.8249
64,2,29.8134
66,2,29.8026
68,2,29.7925
70,2,29.7831
72,2,29.7745
74,2,29.7667
76,2,29.7598
78,2,29.7538
80,2,29.7487
82,2,29.7446
84,2,29.7415
86,2,29.7394
88,2,29.7383
90,2,29.7382
92,2,29.7392
94,2,29.7411
96,2,29.7441
98,2,29.7481
100,2,29.753
102,2,29.7589
104,2,29.7657
106,2,29.7733
108,2,29.7818
110,2,29.7911
112,2,29.8012
114,2,29.8119
116,2,29.8233
118,2,29.8353
120,2,29.8478
122,2,29.8607
124,2,29.874
126,2,29.8876
128,2,29.9014
130,2,29.9155
132,2,29.9295
134,2,29.9436
136,2,29.9577
138,2,29.9716
140,2,29.9852
142,2,29.9986
144,2,30.0116
146,2,30.0242
148,2,30.0362
150,2,30.0477
152,2,30.0585
154,2,30.0686
156,2,30.0779
158,2,30.0864
160,2,30.094
162,2,30.1007
164,2,30.1064
166,2,30.1111
168,2,30.1147
170,2,30.1173
172,2,30.1187
174,2,30.1191
176,2,30.1183
178,2,30.1163
180,2,30.1132
-180,4,29.535
-178,4,29.5247
-176,4,29.5099
-174,4,29.4908
-172,4,29.4673
-170,4,29.4397
-168,4,29.4081
-166,4,29.3724
-164,4,29.3331
-162,4,29.2901
-160,4,29.2438
-158,4,29.1943
-156,4,29.1419
-154,4,29.0868
-152,4,29.0293
-150,4,28.9696
-148,4,28.9081
-146,4,28.845
-144,4,28.7806
-142,4,28.7152
-140,4,28.6491
-138,4,28.5826
-136,4,28.5161
-134,4,28.4498
-132,4,28.3841
-130,4,28.3192
-128,4,28.2554
-126,4,28.1931
-124,4,28.1325
-122,4,28.0739
-120,4,28.0175
-118,4,27.9636
-116,4,27.9125
-114,4,27.8643
-112,4,27.8193
-110,4,27.7777
-108,4,27.7396
-106,4,27.7053
-104,4,27.6748
-102,4,27.6483
-100,4,27.626
-98,4,27.6079
-96,4,27.5941
-94,4,27.5846
-92,4,27.5796
-90,4,27.5789
-88,4,27.5827
-86,4,27.5909
-84,4,27.6034
-82,4,27.6203
-80,4,27.6414
-78,4,27.6667
-76,4,27.696
-74,4,27.7292
-72,4,27.7661
-70,4,27.8067
-68,4,27.8507
-66,4,27.898
-64,4,27.9482
-62,4,28.0013
-60,4,28.0569
-58,4,28.1149
-56,4,28.1748
-54,4,28.2366
-52,4,28.2999
-50,4,28.3644
-48,4,28.4298
-46,4,28.4958
-44,4,28.5622
-42,4,28.6285
-40,4,28.6946
-38,4,28.7601
-36,4,28.8246
-34,4,28.8879
-32,4,28.9497
-30,4,29.0098
-28,4,29.0677
-26,4,29.1233
-24,4,29.1762
-22,4,29.2263
-20,4,29.2733
-18,4,29.3169
-16,4,29.3571
-14,4,29.3935
-12,4,29.426
-10,4,29.4545
-8,4,29.4788
-6,4,29.4989
-4,4,29.5147
-2,4,29.526
0,4,29.5329
2,4,29.5353
4,4,29.5333
6,4,29.5269
8,4,29.5161
10,4,29.501
12,4,29.4818
14,4,29.4585
16,4,29.4313
18,4,29.4003
20,4,29.3657
22,4,29.3278
24,4,29.2867
26,4,29.2426
28,4,29.1959
30,4,29.1468
32,4,29.0954
34,4,29.0422
36,4,28.9874
38,4,28.9313
40,4,28.8742
42,4,28.8163
44,4,28.7581
46,4,28.6997
48,4,28.6415
50,4,28.5839
52,4,28.527
54,4,28.4711
56,4,28.4166
58,4,28.3638
60,4,28.3128
62,4,28.264
64,4,28.2176
66,4,28.1737
68,4,28.1327
70,4,28.0948
72,4,28.06
74,4,28.0286
76,4,28.0008
78,4,27.9766
80,4,27.9562
82,4,27.9396
84,4,27.9271
86,4,27.9185
88,4,27.914
90,4,27.9136
92,4,27.9173
94,4,27.9251
96,4,27.9369
98,4,27.9527
100,4,27.9723
102,4,27.9958
104,4,28.023
106,4,28.0538
108,4,28.088
110,4,28.1254
112,4,28.1659
114,4,28.2093
116,4,28.2554
118,4,28.3039
120,4,28.3546
122,4,28.4073
124,4,28.4616
126,4,28.5174
128,4,28.5743
130,4,28.6321
132,4,28.6904
134,4,28.749
136,4,28.8076
138,4,28.8658
140,4,28.9233
142,4,28.9799
144,4,29.0352
146,4,29.089
148,4,29.141
150,4,29.1909
152,4,29.2383
154,4,29.2832
156,4,29.3251
158,4,29.3639
160,4,29.3994
162,4,29.4313
164,4,29.4595
166,4,29.4838
168,4,29.504
170,4,29.5201
172,4,29.5319
174,4,29.5393
176,4,29.5423
178,4,29.5409
180,4,29.535
-180,6,28.6039
-178,6,28.5858
-176,6,28.5582
-174,6,28.521
-172,6,28.4746
-170,6,28.4191
-168,6,28.3549
-166,6,28.2822
-164,6,28.2015
-162,6,28.1131
-160,6,28.0175
-158,6,27.9152
-156,6,27.8068
-154,6,27.6927
-152,6,27.5736
-150,6,27.45
-148,6,27.3226
-146,6,27.1921
-144,6,27.0589
-142,6,26.9239
-140,6,26.7876
-138,6,26.6507
-136,6,26.5139
-134,6,26.3777
-132,6,26.2429
-130,6,26.11
-128,6,25.9797
-126,6,25.8524
-124,6,25.7289
-122,6,25.6096
-120,6,25.495
-118,6,25.3857
-116,6,25.2821
-114,6,25.1846
-112,6,25.0937
-110,6,25.0097
-108,6,24.9329
-106,6,24.8637
-104,6,24.8024
-102,6,24.7492
-100,6,24.7043
-98,6,24.6679
-96,6,24.6402
-94,6,24.6212
-92,6,24.611
-90,6,24.6096
-88,6,24.6172
-86,6,24.6335
-84,6,24.6587
-82,6,24.6925
-80,6,24.7348
-78,6,24.7855
-76,6,24.8444
-74,6,24.9112
-72,6,24.9857
-70,6,25.0676
-68,6,25.1564
-66,6,25.2519
-64,6,25.3537
-62,6,25.4613
-60,6,25.5743
-58,6,25.6921
-56,6,25.8144
-54,6,25.9404
-52,6,26.0698
-50,6,26.2018
-48,6,26.336
-46,6,26.4716
-44,6,26.6081
-42,6,26.7448
-40,6,26.881
-38,6,27.0162
-36,6,27.1496
-34,6,27.2807
-32,6,27.4087
-30,6,27.533
-28,6,27.653
-26,6,27.7681
-24,6,27.8778
-22,6,27.9813
-20,6,28.0783
-18,6,28.1683
-16,6,28.2506
-14,6,28.3251
-12,6,28.3911
-10,6,28.4485
-8,6,28.4969
-6,6,28.5361
-4,6,28.5658
-2,6,28.586
0,6,28.5966
2,6,28.5975
4,6,28.5887
6,6,28.5704
8,6,28.5427
10,6,28.5057
12,6,28.4597
14,6,28.405
16,6,28.3419
18,6,28.2708
20,6,28.1921
22,6,28.1063
24,6,28.0138
26,6,27.9152
28,6,27.8111
30,6,27.7019
32,6,27.5885
34,6,27.4712
36,6,27.3508
38,6,27.228
40,6,27.1033
42,6,26.9775
44,6,26.8511
46,6,26.7248
48,6,26.5993
50,6,26.4752
52,6,26.353
54,6,26.2335
56,6,26.1171
58,6,26.0044
60,6,25.896
62,6,25.7923
64,6,25.6939
66,6,25.6011
68,6,25.5145
70,6,25.4344
72,6,25.3611
74,6,25.295
76,6,25.2364
78,6,25.1856
80,6,25.1427
82,6,25.108
84,6,25.0815
86,6,25.0635
88,6,25.054
90,6,25.053
92,6,25.0606
94,6,25.0766
96,6,25.1012
98,6,25.1341
100,6,25.1752
102,6,25.2243
104,6,25.2813
106,6,25.3458
108,6,25.4177
110,6,25.4965
112,6,25.582
114,6,25.6737
116,6,25.7712
118,6,25.8741
120,6,25.982
122,6,26.0942
124,6,26.2103
126,6,26.3298
128,6,26.452
130,6,26.5763
132,6,26.7022
134,6,26.829
136,6,26.9561
138,6,27.0828
140,6,27.2084
142,6,27.3323
144,6,27.454
146,6,27.5726
148,6,27.6875
150,6,27.7982
152,6,27.904
154,6,28.0044
156,6,28.0987
158,6,28.1865
160,6,28.2672
162,6,28.3404
164,6,28.4055
166,6,28.4624
168,6,28.5105
170,6,28.5497
172,6,28.5796
174,6,28.6001
176,6,28.6111
178,6,28.6123
180,6,28.6039
-180,8,27.3655
-178,8,27.3386
-176,8,27.2955
-174,8,27.2364
-172,8,27.1617
-170,8,27.0718
-168,8,26.9673
-166,8,26.8486
-164,8,26.7166
-162,8,26.572
-160,8,26.4156
-158,8,26.2482
-156,8,26.071
-154,8,25.8847
-152,8,25.6904
-150,8,25.4893
-148,8,25.2823
-146,8,25.0705
-144,8,24.8551
-142,8,24.6371
-140,8,24.4176
-138,8,24.1977
-136,8,23.9784
-134,8,23.7608
-132,8,23.5459
-130,8,23.3346
-128,8,23.1279
-126,8,22.9266
-124,8,22.7317
-122,8,22.5439
-120,8,22.3641
-118,8,22.1929
-116,8,22.0309
-114,8,21.8789
-112,8,21.7374
-110,8,21.6069
-108,8,21.4878
-106,8,21.3807
-104,8,21.2859
-102,8,21.2037
-100,8,21.1344
-98,8,21.0782
-96,8,21.0354
-94,8,21.006
-92,8,20.9902
-90,8,20.9881
-88,8,20.9995
-86,8,21.0246
-84,8,21.0631
-82,8,21.115
-80,8,21.1802
-78,8,21.2583
-76,8,21.3491
-74,8,21.4523
-72,8,21.5675
-70,8,21.6944
-68,8,21.8324
-66,8,21.9811
-64,8,22.1399
-62,8,22.3082
-60,8,22.4853
-58,8,22.6705
-56,8,22.8631
-54,8,23.0623
-52,8,23.2672
-50,8,23.4769
-48,8,23.6906
-46,8,23.9072
-44,8,24.1258
-42,8,24.3452
-40,8,24.5646
-38,8,24.7828
-36,8,24.9986
-34,8,25.2111
-32,8,25.4191
-30,8,25.6215
-28,8,25.8172
-26,8,26.0052
-24,8,26.1845
-22,8,26.354
-20,8,26.5129
-18,8,26.6601
-16,8,26.7949
-14,8,26.9165
-12,8,27.0241
-10,8,27.1172
-8,8,27.1953
-6,8,27.2578
-4,8,27.3045
-2,8,27.335
0,8,27.3492
2,8,27.3471
4,8,27.3286
6,8,27.2941
8,8,27.2436
10,8,27.1776
12,8,27.0965
14,8,27.0007
16,8,26.8911
18,8,26.7681
20,8,26.6327
22,8,26.4856
24,8,26.3277
26,8,26.16
28,8,25.9835
30,8,25.7992
32,8,25.6081
34,8,25.4114
36,8,25.2102
38,8,25.0054
40,8,24.7983
42,8,24.5899
44,8,24.3813
46,8,24.1736
48,8,23.9677
50,8,23.7647
52,8,23.5656
54,8,23.3713
56,8,23.1826
58,8,23.0005
60,8,22.8257
62,8,22.6589
64,8,22.501
66,8,22.3525
68,8,22.2141
70,8,22.0863
72,8,21.9696
74,8,21.8645
76,8,21.7714
78,8,21.6907
80,8,21.6226
82,8,21.5675
84,8,21.5254
86,8,21.4967
88,8,21.4814
90,8,21.4795
92,8,21.4911
94,8,21.5161
96,8,21.5546
98,8,21.6062
100,8,21.6709
102,8,21.7484
104,8,21.8384
106,8,21.9406
108,8,22.0546
110,8,22.18
112,8,22.3163
114,8,22.4629
116,8,22.6192
118,8,22.7846
120,8,22.9584
122,8,23.1398
124,8,23.3281
126,8,23.5223
128,8,23.7216
130,8,23.9251
132,8,24.1318
134,8,24.3406
136,8,24.5506
138,8,24.7606
140,8,24.9696
142,8,25.1765
144,8,25.3801
146,8,25.5794
148,8,25.7732
150,8,25.9604
152,8,26.14
154,8,26.3109
156,8,26.4721
158,8,26.6226
160,8,26.7616
162,8,26.8882
164,8,27.0015
166,8,27.1009
168,8,27.1858
170,8,27.2556
172,8,27.3098
174,8,27.3481
176,8,27.3703
178,8,27.3761
180,8,27.3655
-180,10,25.8786
-178,10,25.8425
-176,10,25.7826
-174,10,25.6994
-172,10,25.5933
-170,10,25.4652
-168,10,25.3159
-166,10,25.1463
-164,10,24.9576
-162,10,24.7509
-160,10,24.5276
-158,10,24.2891
-156,10,24.0369
-154,10,23.7725
-152,10,23.4974
-150,10,23.2133
-148,10,22.9217
-146,10,22.6244
-144,10,22.3228
-142,10,22.0186
-140,10,21.7134
-138,10,21.4086
-136,10,21.1058
-134,10,20.8064
-132,10,20.5117
-130,10,20.2231
-128,10,19.9417
-126,10,19.6687
-124,10,19.4052
-122,10,19.1523
-120,10,18.9107
-118,10,18.6815
-116,10,18.4654
-114,10,18.2631
-112,10,18.0753
-110,10,17.9026
-108,10,17.7454
-106,10,17.6042
-104,10,17.4794
-102,10,17.3714
-100,10,17.2805
-98,10,17.2069
-96,10,17.1507
-94,10,17.1122
-92,10,17.0914
-90,10,17.0884
-88,10,17.1031
-86,10,17.1356
-84,10,17.1857
-82,10,17.2534
-80,10,17.3384
-78,10,17.4406
-76,10,17.5596
-74,10,17.6951
-72,10,17.8468
-70,10,18.0142
-68,10,18.1969
-66,10,18.3941
-64,10,18.6055
-62,10,18.8301
-60,10,19.0673
-58,10,19.3163
-56,10,19.576
-54,10,19.8456
-52,10,20.124
-50,10,20.41
-48,10,20.7025
-46,10,21.0001
-44,10,21.3015
-42,10,21.6053
-40,10,21.91
-38,10,22.2141
-36,10,22.5161
-34,10,22.8143
-32,10,23.1071
-30,10,23.393
-28,10,23.6702
-26,10,23.9372
-24,10,24.1924
-22,10,24.4341
-20,10,24.661
-18,10,24.8716
-16,10,25.0645
-14,10,25.2386
-12,10,25.3926
-10,10,25.5256
-8,10,25.6367
-6,10,25.7252
-4,10,25.7904
-2,10,25.832
0,10,25.8497
2,10,25.8435
4,10,25.8133
6,10,25.7594
8,10,25.6823
10,10,25.5826
12,10,25.4608
14,10,25.318
16,10,25.1551
18,10,24.9732
20,10,24.7736
22,10,24.5576
24,10,24.3266
26,10,24.0822
28,10,23.8258
30,10,23.5591
32,10,23.2837
34,10,23.0011
36,10,22.7131
38,10,22.4213
40,10,22.1272
42,10,21.8325
44,10,21.5386
46,10,21.2471
48,10,20.9593
50,10,20.6766
52,10,20.4004
54,10,20.1317
56,10,19.8719
58,10,19.6219
60,10,19.3827
62,10,19.1554
64,10,18.9406
66,10,18.7393
68,10,18.5521
70,10,18.3797
72,10,18.2226
74,10,18.0814
76,10,17.9564
78,10,17.8481
80,10,17.7569
82,10,17.6829
84,10,17.6264
86,10,17.5877
88,10,17.5667
90,10,17.5636
92,10,17.5784
94,10,17.6111
96,10,17.6616
98,10,17.7298
100,10,17.8154
102,10,17.9184
104,10,18.0382
106,10,18.1747
108,10,18.3275
110,10,18.4959
112,10,18.6795
114,10,18.8777
116,10,19.0898
118,10,19.315
120,10,19.5525
122,10,19.8014
124,10,20.0606
126,10,20.3292
128,10,20.6059
130,10,20.8895
132,10,21.1787
134,10,21.4721
136,10,21.7684
138,10,22.0659
140,10,22.3632
142,10,22.6586
144,10,22.9505
146,10,23.2373
148,10,23.5172
150,10,23.7887
152,10,24.0501
154,10,24.2997
156,10,24.536
158,10,24.7575
160,10,24.9627
162,10,25.1502
164,10,25.3189
166,10,25.4674
168,10,25.595
170,10,25.7005
172,10,25.7834
174,10,25.843
176,10,25.8789
178,10,25.8908
180,10,25.8786
-180,12,24.21
-178,12,24.1651
-176,12,24.0885
-174,12,23.9807
-172,12,23.8427
-170,12,23.6756
-168,12,23.4805
-166,12,23.2589
-164,12,23.0125
-162,12,22.7431
-160,12,22.4525
-158,12,22.1429
-156,12,21.8163
-154,12,21.4748
-152,12,21.1208
-150,12,20.7563
-148,12,20.3837
-146,12,20.0051
-144,12,19.6227
-142,12,19.2386
-140,12,18.8548
-138,12,18.4733
-136,12,18.0959
-134,12,17.7244
-132,12,17.3603
-130,12,17.0054
-128,12,16.661
-126,12,16.3283
-124,12,16.0086
-122,12,15.703
-120,12,15.4125
-118,12,15.1379
-116,12,14.88
-114,12,14.6395
-112,12,14.417
-110,12,14.2129
-108,12,14.0278
-106,12,13.8621
-104,12,13.7159
-102,12,13.5897
-100,12,13.4836
-98,12,13.3977
-96,12,13.3323
-94,12,13.2873
-92,12,13.2629
-90,12,13.2592
-88,12,13.276
-86,12,13.3134
-84,12,13.3713
-82,12,13.4496
-80,12,13.5483
-78,12,13.667
-76,12,13.8057
-74,12,13.9641
-72,12,14.1419
-70,12,14.3388
-68,12,14.5542
-66,12,14.7878
-64,12,15.039
-62,12,15.3071
-60,12,15.5914
-58,12,15.891
-56,12,16.2051
-54,12,16.5325
-52,12,16.8722
-50,12,17.2228
-48,12,17.583
-46,12,17.9513
-44,12,18.3261
-42,12,18.7057
-40,12,19.0881
-38,12,19.4716
-36,12,19.854
-34,12,20.2333
-32,12,20.6073
-30,12,20.9739
-28,12,21.3307
-26,12,21.6755
-24,12,22.0062
-22,12,22.3204
-20,12,22.616
-18,12,22.891
-16,12,23.1434
-14,12,23.3714
-12,12,23.5733
-10,12,23.7476
-8,12,23.8929
-6,12,24.0082
-4,12,24.0926
-2,12,24.1455
0,12,24.1664
2,12,24.1552
4,12,24.1122
6,12,24.0375
8,12,23.9318
10,12,23.7961
12,12,23.6314
14,12,23.4389
16,12,23.2203
18,12,22.9771
20,12,22.7111
22,12,22.4245
24,12,22.1191
26,12,21.7971
28,12,21.4608
30,12,21.1124
32,12,20.7542
34,12,20.3883
36,12,20.0171
38,12,19.6426
40,12,19.267
42,12,18.8923
44,12,18.5205
46,12,18.1533
48,12,17.7927
50,12,17.4401
52,12,17.0971
54,12,16.7651
56,12,16.4454
58,12,16.1391
60,12,15.8474
62,12,15.5712
64,12,15.3113
66,12,15.0685
68,12,14.8435
70,12,14.6368
72,12,14.4491
74,12,14.2806
76,12,14.1318
78,12,14.0031
80,12,13.8946
82,12,13.8066
84,12,13.7394
86,12,13.6929
88,12,13.6674
90,12,13.6628
92,12,13.6793
94,12,13.7167
96,12,13.7752
98,12,13.8545
100,12,13.9547
102,12,14.0754
104,12,14.2166
106,12,14.3779
108,12,14.559
110,12,14.7596
112,12,14.9791
114,12,15.2171
116,12,15.4728
118,12,15.7456
120,12,16.0346
122,12,16.339
124,12,16.6575
126,12,16.9892
128,12,17.3326
130,12,17.6864
132,12,18.0491
134,12,18.4189
136,12,18.7942
138,12,19.173
140,12,19.5533
142,12,19.9331
144,12,20.3102
146,12,20.6824
148,12,21.0474
150,12,21.4029
152,12,21.7466
154,12,22.0763
156,12,22.3896
158,12,22.6843
160,12,22.9585
162,12,23.21
164,12,23.437
166,12,23.6379
168,12,23.8111
170,12,23.9552
172,12,24.0692
174,12,24.1522
176,12,24.2036
178,12,24.2229
180,12,24.21
-180,14,22.4284
-178,14,22.3759
-176,14,22.2839
-174,14,22.1531
-172,14,21.9847
-170,14,21.7803
-168,14,21.5417
-166,14,21.2708
-164,14,20.9699
-162,14,20.6415
-160,14,20.2882
-158,14,19.9127
-156,14,19.5179
-154,14,19.1066
-152,14,18.6818
-150,14,18.2463
-148,14,17.8031
-146,14,17.3547
-144,14,16.9041
-142,14,16.4537
-140,14,16.0059
-138,14,15.5632
-136,14,15.1276
-134,14,14.7011
-132,14,14.2855
-130,14,13.8825
-128,14,13.4936
-126,14,13.12
-124,14,12.763
-122,14,12.4236
-120,14,12.1025
-118,14,11.8006
-116,14,11.5185
-114,14,11.2566
-112,14,11.0154
-110,14,10.7951
-108,14,10.5961
-106,14,10.4184
-104,14,10.2623
-102,14,10.1278
-100,14,10.015
-98,14,9.92389
-96,14,9.85447
-94,14,9.80678
-92,14,9.7808
-90,14,9.77652
-88,14,9.79394
-86,14,9.83306
-84,14,9.89385
-82,14,9.97631
-80,14,10.0804
-78,14,10.2061
-76,14,10.3534
-74,14,10.5221
-72,14,10.7122
-70,14,10.9234
-68,14,11.1557
-66,14,11.4086
-64,14,11.6818
-62,14,11.975
-60,14,12.2874
-58,14,12.6185
-56,14,12.9674
-54,14,13.3333
-52,14,13.715
-50,14,14.1113
-48,14,14.5208
-46,14,14.9419
-44,14,15.3729
-42,14,15.8119
-40,14,16.2568
-38,14,16.7053
-36,14,17.1551
-34,14,17.6035
-32,14,18.0479
-30,14,18.4856
-28,14,18.9136
-26,14,19.3291
-24,14,19.7291
-22,14,20.1106
-20,14,20.4709
-18,14,20.807
-16,14,21.1163
-14,14,21.3962
-12,14,21.6445
-10,14,21.859
-8,14,22.0378
-6,14,22.1793
-4,14,22.2825
-2,14,22.3462
0,14,22.37
2,14,22.3538
4,14,22.2975
6,14,22.2018
8,14,22.0676
10,14,21.8961
12,14,21.6888
14,14,21.4475
16,14,21.1744
18,14,20.8718
20,14,20.5422
22,14,20.1882
24,14,19.8128
26,14,19.4187
28,14,19.0089
30,14,18.5864
32,14,18.1542
34,14,17.715
36,14,17.2717
38,14,16.8269
40,14,16.3833
42,14,15.9433
44,14,15.5091
46,14,15.0829
48,14,14.6665
50,14,14.2619
52,14,13.8705
54,14,13.4937
56,14,13.133
58,14,12.7893
60,14,12.4636
62,14,12.1567
64,14,11.8694
66,14,11.6023
68,14,11.3557
70,14,11.1301
72,14,10.9258
74,14,10.7431
76,14,10.5821
78,14,10.443
80,14,10.3259
82,14,10.231
84,14,10.1581
86,14,10.1075
88,14,10.0792
90,14,10.0731
92,14,10.0894
94,14,10.128
96,14,10.189
98,14,10.2725
100,14,10.3783
102,14,10.5065
104,14,10.657
106,14,10.8298
108,14,11.0248
110,14,11.2417
112,14,11.4803
114,14,11.7403
116,14,12.0213
118,14,12.3228
120,14,12.6441
122,14,12.9844
124,14,13.3427
126,14,13.7182
128,14,14.1094
130,14,14.5149
132,14,14.9332
134,14,15.3625
136,14,15.8007
138,14,16.2458
140,14,16.6954
142,14,17.147
144,14,17.5981
146,14,18.0457
148,14,18.4871
150,14,18.9193
152,14,19.3392
154,14,19.7439
156,14,20.1303
158,14,20.4955
160,14,20.8366
162,14,21.1509
164,14,21.4358
166,14,21.6888
168,14,21.908
170,14,22.0914
172,14,22.2374
174,14,22.3449
176,14,22.4128
178,14,22.4407
180,14,22.4284
-180,16,20.5973
-178,16,20.5393
-176,16,20.4343
-174,16,20.2834
-172,16,20.0883
-170,16,19.8508
-168,16,19.5733
-166,16,19.2586
-164,16,18.9097
-162,16,18.5296
-160,16,18.1218
-158,16,17.6899
-156,16,17.2373
-154,16,16.7679
-152,16,16.2851
-150,16,15.7926
-148,16,15.2938
-146,16,14.792
-144,16,14.2904
-142,16,13.792
-140,16,13.2996
-138,16,12.8156
-136,16,12.3425
-134,16,11.8823
-132,16,11.4368
-130,16,11.0077
-128,16,10.5963
-126,16,10.2038
-124,16,9.83121
-122,16,9.47926
-120,16,9.14854
-118,16,8.83952
-116,16,8.5525
-114,16,8.28767
-112,16,8.0451
-110,16,7.82481
-108,16,7.62674
-106,16,7.45076
-104,16,7.29674
-102,16,7.16453
-100,16,7.05394
-98,16,6.96482
-96,16,6.89702
-94,16,6.85042
-92,16,6.82493
-90,16,6.82049
-88,16,6.83708
-86,16,6.87471
-84,16,6.93344
-82,16,7.01334
-80,16,7.11454
-78,16,7.23716
-76,16,7.38136
-74,16,7.54727
-72,16,7.73505
-70,16,7.9448
-68,16,8.1766
-66,16,8.43049
-64,16,8.70641
-62,16,9.00424
-60,16,9.32375
-58,16,9.66456
-56,16,10.0262
-54,16,10.4079
-52,16,10.809
-50,16,11.2283
-48,16,11.6646
-46,16,12.1164
-44,16,12.582
-42,16,13.0595
-40,16,13.5466
-38,16,14.041
-36,16,14.5399
-34,16,15.0404
-32,16,15.5395
-30,16,16.0339
-28,16,16.52
-26,16,16.9943
-24,16,17.4532
-22,16,17.893
-20,16,18.3099
-18,16,18.7003
-16,16,19.0608
-14,16,19.388
-12,16,19.6788
-10,16,19.9304
-8,16,20.1403
-6,16,20.3064
-4,16,20.427
-2,16,20.5009
0,16,20.5274
2,16,20.5061
4,16,20.4373
6,16,20.3216
8,16,20.1604
10,16,19.9553
12,16,19.7082
14,16,19.4217
16,16,19.0986
18,16,18.742
20,16,18.3551
22,16,17.9415
24,16,17.5048
26,16,17.0487
28,16,16.5769
30,16,16.0932
32,16,15.601
34,16,15.1039
36,16,14.6053
38,16,14.1082
40,16,13.6156
42,16,13.1303
44,16,12.6546
46,16,12.1909
48,16,11.7411
50,16,11.3069
52,16,10.8898
54,16,10.4912
56,16,10.112
58,16,9.75324
60,16,9.41549
62,16,9.0993
64,16,8.80505
66,16,8.53299
68,16,8.28329
70,16,8.05599
72,16,7.8511
74,16,7.66857
76,16,7.50829
78,16,7.37017
80,16,7.25408
82,16,7.15991
84,16,7.08756
86,16,7.03695
88,16,7.00805
90,16,7.00083
92,16,7.01534
94,16,7.05162
96,16,7.10977
98,16,7.18994
100,16,7.29227
102,16,7.41694
104,16,7.56415
106,16,7.73406
108,16,7.92686
110,16,8.14268
112,16,8.38161
114,16,8.64368
116,16,8.92883
118,16,9.23689
120,16,9.56758
122,16,9.92044
124,16,10.2949
126,16,10.6901
128,16,11.1051
130,16,11.5386
132,16,11.9891
134,16,12.455
136,16,12.9342
138,16,13.4245
140,16,13.9234
142,16,14.4281
144,16,14.9355
146,16,15.4426
148,16,15.9457
150,16,16.4415
152,16,16.926
154,16,17.3957
156,16,17.8466
158,16,18.2749
160,16,18.6769
162,16,19.0491
164,16,19.388
166,16,19.6905
168,16,19.9537
170,16,20.1752
172,16,20.3528
174,16,20.4848
176,16,20.57
178,16,20.6076
180,16,20.5973
-180,18,18.7695
-178,18,18.7086
-176,18,18.594
-174,18,18.4272
-172,18,18.2102
-170,18,17.9455
-168,18,17.636
-166,18,17.2852
-164,18,16.8968
-162,18,16.4749
-160,18,16.0235
-158,18,15.5471
-156,18,15.05
-154,18,14.5367
-152,18,14.0114
-150,18,13.4784
-148,18,12.9417
-146,18,12.4051
-144,18,11.8721
-142,18,11.346
-140,18,10.8299
-138,18,10.3263
-136,18,9.83767
-134,18,9.36597
-132,18,8.91296
-130,18,8.48004
-128,18,8.06837
-126,18,7.6788
-124,18,7.31198
-122,18,6.96831
-120,18,6.648
-118,18,6.35109
-116,18,6.07747
-114,18,5.82692
-112,18,5.59912
-110,18,5.39369
-108,18,5.21019
-106,18,5.04815
-104,18,4.90713
-102,18,4.78665
-100,18,4.6863
-98,18,4.6057
-96,18,4.54452
-94,18,4.50249
-92,18,4.47942
-90,18,4.4752
-88,18,4.48979
-86,18,4.52323
-84,18,4.57564
-82,18,4.64721
-80,18,4.73821
-78,18,4.84896
-76,18,4.97984
-74,18,5.13125
-72,18,5.30365
-70,18,5.49746
-68,18,5.71313
-66,18,5.95105
-64,18,6.21159
-62,18,6.49502
-60,18,6.80152
-58,18,7.13115
-56,18,7.48381
-54,18,7.85924
-52,18,8.25696
-50,18,8.67628
-48,18,9.11626
-46,18,9.57567
-44,18,10.053
-42,18,10.5464
-40,18,11.0538
-38,18,11.5727
-36,18,12.1002
-34,18,12.6334
-32,18,13.1687
-30,18,13.7024
-28,18,14.2306
-26,18,14.7491
-24,18,15.2536
-22,18,15.7395
-20,18,16.2025
-18,18,16.638
-16,18,17.0417
-14,18,17.4093
-12,18,17.737
-10,18,18.0211
-8,18,18.2585
-6,18,18.4464
-4,18,18.5827
-2,18,18.6657
0,18,18.6945
2,18,18.6687
4,18,18.5886
6,18,18.4551
8,18,18.2698
10,18,18.0348
12,18,17.7527
14,18,17.4268
16,18,17.0606
18,18,16.658
20,18,16.2232
22,18,15.7606
24,18,15.2747
26,18,14.7699
28,18,14.2509
30,18,13.722
32,18,13.1873
34,18,12.6511
36,18,12.1169
38,18,11.5883
40,18,11.0685
42,18,10.5603
44,18,10.0662
46,18,9.58848
48,18,9.12887
50,18,8.68896
52,18,8.26999
54,18,7.87291
56,18,7.49843
58,18,7.14702
60,18,6.81895
62,18,6.51432
64,18,6.23305
66,18,5.97498
68,18,5.73983
70,18,5.52723
72,18,5.33679
74,18,5.16809
76,18,5.02069
78,18,4.89416
80,18,4.78811
82,18,4.7022
84,18,4.63612
86,18,4.58965
88,18,4.56263
90,18,4.55498
92,18,4.56671
94,18,4.59791
96,18,4.64874
98,18,4.71945
100,18,4.81037
102,18,4.92189
104,18,5.05443
106,18,5.20849
108,18,5.38457
110,18,5.58317
112,18,5.80479
114,18,6.04989
116,18,6.31886
118,18,6.61201
120,18,6.92953
122,18,7.27144
124,18,7.63763
126,18,8.02774
128,18,8.44118
130,18,8.87711
132,18,9.33438
134,18,9.81154
136,18,10.3068
138,18,10.8179
140,18,11.3425
142,18,11.8777
144,18,12.4202
146,18,12.9665
148,18,13.5127
150,18,14.0548
152,18,14.5883
154,18,15.1088
156,18,15.6117
158,18,16.0923
160,18,16.5459
162,18,16.9682
164,18,17.3547
166,18,17.7015
168,18,18.005
170,18,18.2618
172,18,18.4692
174,18,18.625
176,18,18.7276
178,18,18.7759
180,18,18.7695
-180,20,16.9837
-178,20,16.9228
-176,20,16.8026
-174,20,16.625
-172,20,16.3922
-170,20,16.1073
-168,20,15.7739
-166,20,15.3962
-164,20,14.9786
-162,20,14.5259
-160,20,14.0433
-158,20,13.5358
-156,20,13.0086
-154,20,12.4669
-152,20,11.9155
-150,20,11.3594
-148,20,10.803
-146,20,10.2504
-144,20,9.70562
-142,20,9.172
-140,20,8.65262
-138,20,8.15014
-136,20,7.66679
-134,20,7.20441
-132,20,6.76447
-130,20,6.34808
-128,20,5.95598
-126,20,5.58865
-124,20,5.24627
-122,20,4.92877
-120,20,4.6359
-118,20,4.36721
-116,20,4.12213
-114,20,3.89997
-112,20,3.69997
-110,20,3.52131
-108,20,3.36316
-106,20,3.22471
-104,20,3.10515
-102,20,3.00373
-100,20,2.91978
-98,20,2.8527
-96,20,2.80197
-94,20,2.7672
-92,20,2.74809
-90,20,2.74448
-88,20,2.7563
-86,20,2.78363
-84,20,2.82664
-82,20,2.88565
-80,20,2.96106
-78,20,3.05337
-76,20,3.1632
-74,20,3.29121
-72,20,3.43814
-70,20,3.60477
-68,20,3.79191
-66,20,4.00036
-64,20,4.23089
-62,20,4.48424
-60,20,4.76105
-58,20,5.06185
-56,20,5.38704
-54,20,5.73683
-52,20,6.11123
-50,20,6.51001
-48,20,6.93264
-46,20,7.3783
-44,20,7.84582
-42,20,8.33367
-40,20,8.83991
-38,20,9.36222
-36,20,9.89784
-34,20,10.4436
-32,20,10.9959
-30,20,11.5507
-28,20,12.1037
-26,20,12.6503
-24,20,13.1854
-22,20,13.704
-20,20,14.2007
-18,20,14.6702
-16,20,15.1074
-14,20,15.5072
-12,20,15.8647
-10,20,16.1755
-8,20,16.4357
-6,20,16.642
-4,20,16.7916
-2,20,16.8824
0,20,16.9133
2,20,16.8837
4,20,16.7941
6,20,16.6456
8,20,16.4402
10,20,16.1804
12,20,15.8696
14,20,15.5117
16,20,15.1111
18,20,14.6726
20,20,14.2012
22,20,13.7022
24,20,13.1811
26,20,12.643
28,20,12.0932
30,20,11.5368
32,20,10.9785
34,20,10.4228
36,20,9.87371
38,20,9.33496
40,20,8.80979
42,20,8.301
44,20,7.811
46,20,7.34173
48,20,6.89477
50,20,6.4713
52,20,6.07213
54,20,5.69777
56,20,5.34845
58,20,5.02413
60,20,4.72457
62,20,4.44935
64,20,4.1979
66,20,3.96955
68,20,3.76353
70,20,3.57905
72,20,3.41528
74,20,3.2714
76,20,3.14662
78,20,3.04021
80,20,2.95147
82,20,2.87982
84,20,2.82477
86,20,2.78592
88,20,2.763
90,20,2.75587
92,20,2.76449
94,20,2.78896
96,20,2.82953
98,20,2.88653
100,20,2.96044
102,20,3.05184
104,20,3.1614
106,20,3.28988
108,20,3.43812
110,20,3.60698
112,20,3.79738
114,20,4.01021
116,20,4.24636
118,20,4.50664
120,20,4.79177
122,20,5.10236
124,20,5.43884
126,20,5.80143
128,20,6.1901
130,20,6.60456
132,20,7.04416
134,20,7.50789
136,20,7.99435
138,20,8.5017
140,20,9.02766
142,20,9.56949
144,20,10.124
146,20,10.6874
148,20,11.2557
150,20,11.8244
152,20,12.3886
154,20,12.9432
156,20,13.4829
158,20,14.0021
160,20,14.4954
162,20,14.9573
164,20,15.3828
166,20,15.7667
168,20,16.1047
170,20,16.3926
172,20,16.627
174,20,16.805
176,20,16.9246
178,20,16.9843
180,20,16.9837
-180,22,15.2656
-178,22,15.2078
-176,22,15.0864
-174,22,14.9034
-172,22,14.6615
-170,22,14.3642
-168,22,14.0158
-166,22,13.621
-164,22,13.1852
-162,22,12.7138
-160,22,12.2127
-158,22,11.6879
-156,22,11.1451
-154,22,10.5904
-152,22,10.029
-150,22,9.46649
-148,22,8.9076
-146,22,8.35684
-144,22,7.8182
-142,22,7.2952
-140,22,6.79084
-138,22,6.30761
-136,22,5.84753
-134,22,5.4121
-132,22,5.00243
-130,22,4.61918
-128,22,4.26264
-126,22,3.93277
-124,22,3.62926
-122,22,3.35151
-120,22,3.09876
-118,22,2.87004
-116,22,2.66431
-114,22,2.48039
-112,22,2.3171
-110,22,2.17321
-108,22,2.04752
-106,22,1.93887
-104,22,1.84617
-102,22,1.7684
-100,22,1.70466
-98,22,1.65415
-96,22,1.61623
-94,22,1.59038
-92,22,1.57622
-90,22,1.57353
-88,22,1.58225
-86,22,1.60246
-84,22,1.6344
-82,22,1.67846
-80,22,1.73517
-78,22,1.80519
-76,22,1.88932
-74,22,1.98847
-72,22,2.10362
-70,22,2.23587
-68,22,2.38636
-66,22,2.55627
-64,22,2.74677
-62,22,2.95904
-60,22,3.19418
-58,22,3.45323
-56,22,3.73708
-54,22,4.04647
-52,22,4.38193
-50,22,4.74375
-48,22,5.13192
-46,22,5.54611
-44,22,5.98559
-42,22,6.44924
-40,22,6.93549
-38,22,7.44228
-36,22,7.96705
-34,22,8.50671
-32,22,9.05768
-30,22,9.61583
-28,22,10.1766
-26,22,10.7349
-24,22,11.2853
-22,22,11.8221
-20,22,12.3393
-18,22,12.8309
-16,22,13.2909
-14,22,13.7132
-12,22,14.0924
-10,22,14.4231
-8,22,14.7007
-6,22,14.9211
-4,22,15.081
-2,22,15.178
0,22,15.2107
2,22,15.1784
4,22,15.0816
6,22,14.9216
8,22,14.7009
10,22,14.4224
12,22,14.0903
14,22,13.7092
16,22,13.2842
18,22,12.821
20,22,12.3255
22,22,11.804
24,22,11.2624
26,22,10.7069
28,22,10.1433
30,22,9.57725
32,22,9.01382
34,22,8.45778
36,22,7.91337
38,22,7.38428
40,22,6.87369
42,22,6.38423
44,22,5.918
46,22,5.4766
48,22,5.06118
50,22,4.67241
52,22,4.31062
54,22,3.97576
56,22,3.6675
58,22,3.38525
60,22,3.12821
62,22,2.89542
64,22,2.68578
66,22,2.49813
68,22,2.33125
70,22,2.1839
72,22,2.05485
74,22,1.94294
76,22,1.84704
78,22,1.76612
80,22,1.69927
82,22,1.64569
84,22,1.6047
86,22,1.57578
88,22,1.55856
90,22,1.55282
92,22,1.55851
94,22,1.57573
96,22,1.60475
98,22,1.646
100,22,1.70006
102,22,1.76765
104,22,1.84964
106,22,1.94701
108,22,2.06086
110,22,2.19238
112,22,2.34283
114,22,2.5135
116,22,2.70572
118,22,2.92078
120,22,3.15993
122,22,3.42433
124,22,3.715
126,22,4.03277
128,22,4.37824
130,22,4.75173
132,22,5.15323
134,22,5.58232
136,22,6.03816
138,22,6.51941
140,22,7.02421
142,22,7.55015
144,22,8.09424
146,22,8.65289
148,22,9.22197
150,22,9.7968
152,22,10.3722
154,22,10.9426
156,22,11.5021
158,22,12.0445
160,22,12.5635
162,22,13.0528
164,22,13.5065
166,22,13.9186
168,22,14.2837
170,22,14.5969
172,22,14.8541
174,22,15.0517
176,22,15.1872
178,22,15.2588
180,22,15.2656
-180,24,13.6323
-178,24,13.5804
-176,24,13.4621
-174,24,13.2792
-172,24,13.035
-170,24,12.7333
-168,24,12.3789
-166,24,11.9771
-164,24,11.5339
-162,24,11.0554
-160,24,10.5484
-158,24,10.0193
-156,24,9.47479
-154,24,8.92119
-152,24,8.36457
-150,24,7.81061
-148,24,7.2645
-146,24,6.73085
-144,24,6.21373
-142,24,5.71656
-140,24,5.24218
-138,24,4.7928
-136,24,4.37009
-134,24,3.97514
-132,24,3.60858
-130,24,3.27056
-128,24,2.96085
-126,24,2.67888
-124,24,2.42378
-122,24,2.19443
-120,24,1.98954
-118,24,1.80768
-116,24,1.64732
-114,24,1.50688
-112,24,1.38477
-110,24,1.27942
-108,24,1.18933
-106,24,1.11307
-104,24,1.04929
-102,24,0.996815
-100,24,0.954564
-98,24,0.921624
-96,24,0.89724
-94,24,0.88082
-92,24,0.871943
-90,24,0.870362
-88,24,0.876001
-86,24,0.888959
-84,24,0.90951
-82,24,0.938095
-80,24,0.975324
-78,24,1.02197
-76,24,1.07894
-74,24,1.14733
-72,24,1.22831
-70,24,1.32321
-68,24,1.43344
-66,24,1.56048
-64,24,1.70586
-62,24,1.87115
-60,24,2.05786
-58,24,2.26749
-56,24,2.50142
-54,24,2.76089
-52,24,3.04697
-50,24,3.36048
-48,24,3.70195
-46,24,4.0716
-44,24,4.46922
-42,24,4.89418
-40,24,5.34534
-38,24,5.82105
-36,24,6.31905
-34,24,6.83652
-32,24,7.36998
-30,24,7.91535
-28,24,8.46796
-26,24,9.02255
-24,24,9.57337
-22,24,10.1143
-20,24,10.6387
-18,24,11.14
-16,24,11.6114
-14,24,12.0463
-12,24,12.4382
-10,24,12.7812
-8,24,13.0699
-6,24,13.2997
-4,24,13.4667
-2,24,13.5681
0,24,13.6022
2,24,13.5683
4,24,13.4668
6,24,13.2995
8,24,13.0688
10,24,12.7786
12,24,12.4334
14,24,12.0384
16,24,11.5998
18,24,11.1238
20,24,10.6172
22,24,10.087
24,24,9.53979
26,24,8.98239
28,24,8.42112
30,24,7.86192
32,24,7.31021
34,24,6.77086
36,24,6.24809
38,24,5.74548
40,24,5.26598
42,24,4.81188
44,24,4.38489
46,24,3.98612
48,24,3.61618
50,24,3.27523
52,24,2.96298
54,24,2.67883
56,24,2.42185
58,24,2.1909
60,24,1.98464
62,24,1.80158
64,24,1.64015
66,24,1.49875
68,24,1.37575
70,24,1.26954
72,24,1.17858
74,24,1.1014
76,24,1.03665
78,24,0.983095
80,24,0.939633
82,24,0.905325
84,24,0.879388
86,24,0.861211
88,24,0.850357
90,24,0.846567
92,24,0.849764
94,24,0.860054
96,24,0.877721
98,24,0.903231
100,24,0.937226
102,24,0.98052
104,24,1.03409
106,24,1.09906
108,24,1.17672
110,24,1.26847
112,24,1.37581
114,24,1.50035
116,24,1.64374
118,24,1.80769
120,24,1.99386
122,24,2.20391
124,24,2.43938
126,24,2.70168
128,24,2.99201
130,24,3.31133
132,24,3.66029
134,24,4.03913
136,24,4.44765
138,24,4.88515
140,24,5.35034
142,24,5.84133
144,24,6.35552
146,24,6.88968
148,24,7.43985
150,24,8.00141
152,24,8.56909
154,24,9.13707
156,24,9.69904
158,24,10.2483
160,24,10.7781
162,24,11.2813
164,24,11.7511
166,24,12.1808
168,24,12.5643
170,24,12.8958
172,24,13.1704
174,24,13.3841
176,24,13.5336
178,24,13.6167
180,24,13.6323
-180,26,12.0973
-178,26,12.0535
-176,26,11.9417
-174,26,11.7641
-172,26,11.5238
-170,26,11.2251
-168,26,10.8729
-166,26,10.4733
-164,26,10.0325
-162,26,9.55764
-160,26,9.05573
-158,26,8.53403
-156,26,7.99966
-154,26,7.45948
-152,26,6.91999
-150,26,6.38713
-148,26,5.86627
-146,26,5.36207
-144,26,4.87853
-142,26,4.41888
-140,26,3.98566
-138,26,3.58072
-136,26,3.20528
-134,26,2.85993
-132,26,2.54477
-130,26,2.25941
-128,26,2.00306
-126,26,1.77458
-124,26,1.57259
-122,26,1.39546
-120,26,1.24143
-118,26,1.10862
-116,26,0.995116
-114,26,0.898986
-112,26,0.818338
-110,26,0.751348
-108,26,0.696292
-106,26,0.651568
-104,26,0.615719
-102,26,0.587441
-100,26,0.565602
-98,26,0.549239
-96,26,0.537568
-94,26,0.529985
-92,26,0.526061
-90,26,0.525549
-88,26,0.528376
-86,26,0.534648
-84,26,0.544646
-82,26,0.558825
-80,26,0.577816
-78,26,0.602423
-76,26,0.633619
-74,26,0.672545
-72,26,0.720499
-70,26,0.778928
-68,26,0.849413
-66,26,0.93365
-64,26,1.03343
-62,26,1.15059
-60,26,1.28703
-58,26,1.4446
-56,26,1.62513
-54,26,1.83031
-52,26,2.06171
-50,26,2.32068
-48,26,2.60828
-46,26,2.92526
-44,26,3.27197
-42,26,3.6483
-40,26,4.05363
-38,26,4.48674
-36,26,4.94582
-34,26,5.42837
-32,26,5.93117
-30,26,6.45033
-28,26,6.98122
-26,26,7.51855
-24,26,8.05639
-22,26,8.5883
-20,26,9.1074
-18,26,9.60652
-16,26,10.0784
-14,26,10.5157
-12,26,10.9115
-10,26,11.2591
-8,26,11.5526
-6,26,11.7868
-4,26,11.9574
-2,26,12.0613
0,26,12.0964
2,26,12.0621
4,26,11.9587
6,26,11.7882
8,26,11.5534
10,26,11.2584
12,26,10.9084
14,26,10.5092
16,26,10.0675
18,26,9.59035
20,26,9.08506
22,26,8.55914
24,26,8.01995
26,26,7.4746
28,26,6.92979
30,26,6.39168
32,26,5.86579
34,26,5.35695
36,26,4.86922
38,26,4.40595
40,26,3.9697
42,26,3.56233
44,26,3.18506
46,26,2.83845
48,26,2.52255
50,26,2.2369
52,26,1.98067
54,26,1.75266
56,26,1.5514
58,26,1.37521
60,26,1.22228
62,26,1.09067
64,26,0.978426
66,26,0.883572
68,26,0.804178
70,26,0.738384
72,26,0.684431
74,26,0.640682
76,26,0.605645
78,26,0.577983
80,26,0.556528
82,26,0.540285
84,26,0.528438
86,26,0.520352
88,26,0.515576
90,26,0.513841
92,26,0.515062
94,26,0.519338
96,26,0.526949
98,26,0.53836
100,26,0.554218
102,26,0.575352
104,26,0.602768
106,26,0.637646
108,26,0.681334
110,26,0.735337
112,26,0.801304
114,26,0.881009
116,26,0.976332
118,26,1.08923
120,26,1.22169
122,26,1.37573
124,26,1.55332
126,26,1.75633
128,26,1.98649
130,26,2.24533
132,26,2.53409
134,26,2.85368
136,26,3.20457
138,26,3.5867
140,26,3.99946
142,26,4.44157
144,26,4.91102
146,26,5.40506
148,26,5.92012
150,26,6.45186
152,26,6.99516
154,26,7.54421
156,26,8.09256
158,26,8.63328
160,26,9.15908
162,26,9.66248
164,26,10.136
166,26,10.5724
168,26,10.9647
170,26,11.3067
172,26,11.5926
174,26,11.8178
176,26,11.9786
178,26,12.0722
180,26,12.0973
-180,28,10.6726
-178,28,10.638
-176,28,10.5353
-174,28,10.3666
-172,28,10.135
-170,28,9.84486
-168,28,9.5016
-166,28,9.11142
-164,28,8.68123
-162,28,8.2184
-160,28,7.73061
-158,28,7.22559
-156,28,6.71094
-154,28,6.19391
-152,28,5.68128
-150,28,5.1792
-148,28,4.69306
-146,28,4.22748
-144,28,3.78625
-142,28,3.37229
-140,28,2.98777
-138,28,2.63406
-136,28,2.31184
-134,28,2.02118
-132,28,1.7616
-130,28,1.53213
-128,28,1.33145
-126,28,1.15788
-124,28,1.00955
-122,28,0.884376
-120,28,0.780186
-118,28,0.694751
-116,28,0.625844
-114,28,0.571287
-112,28,0.528991
-110,28,0.496986
-108,28,0.473452
-106,28,0.456735
-104,28,0.445361
-102,28,0.438042
-100,28,0.433679
-98,28,0.43136
-96,28,0.430355
-94,28,0.430109
-92,28,0.43024
-90,28,0.430531
-88,28,0.430925
-86,28,0.431525
-84,28,0.432597
-82,28,0.434564
-80,28,0.438018
-78,28,0.443719
-76,28,0.452599
-74,28,0.46577
-72,28,0.48452
-70,28,0.510313
-68,28,0.54478
-66,28,0.589711
-64,28,0.647033
-62,28,0.718786
-60,28,0.807091
-58,28,0.914111
-56,28,1.04201
-54,28,1.19288
-52,28,1.36873
-50,28,1.57137
-48,28,1.80238
-46,28,2.06302
-44,28,2.35418
-42,28,2.67628
-40,28,3.02923
-38,28,3.41233
-36,28,3.82421
-34,28,4.2628
-32,28,4.72525
-30,28,5.20793
-28,28,5.70642
-26,28,6.21552
-24,28,6.7293
-22,28,7.24122
-20,28,7.7442
-18,28,8.23077
-16,28,8.69326
-14,28,9.124
-12,28,9.51551
-10,28,9.86071
-8,28,10.1532
-6,28,10.3872
-4,28,10.5583
-2,28,10.6628
0,28,10.6987
2,28,10.6651
4,28,10.5625
6,28,10.3928
8,28,10.1591
10,28,9.86602
12,28,9.5189
14,28,9.12417
16,28,8.68893
18,28,8.22078
20,28,7.72756
22,28,7.21719
24,28,6.6974
26,28,6.1756
28,28,5.65864
30,28,5.15274
32,28,4.66337
34,28,4.19516
36,28,3.75192
38,28,3.33657
40,28,2.95126
42,28,2.59734
44,28,2.27544
46,28,1.98557
48,28,1.72719
50,28,1.49928
52,28,1.30044
54,28,1.12893
56,28,0.982817
58,28,0.859965
60,28,0.758155
62,28,0.675119
64,28,0.6086
66,28,0.556393
68,28,0.516385
70,28,0.486587
72,28,0.465155
74,28,0.450412
76,28,0.440857
78,28,0.435173
80,28,0.432227
82,28,0.431071
84,28,0.430939
86,28,0.43124
88,28,0.431558
90,28,0.431645
92,28,0.43142
94,28,0.430967
96,28,0.430538
98,28,0.430553
100,28,0.431605
102,28,0.434464
104,28,0.440077
106,28,0.449577
108,28,0.464278
110,28,0.485673
112,28,0.515429
114,28,0.555372
116,28,0.607476
118,28,0.673833
120,28,0.756628
122,28,0.858104
124,28,0.980518
126,28,1.12609
128,28,1.29696
130,28,1.49511
132,28,1.72228
134,28,1.97994
136,28,2.26916
138,28,2.59054
140,28,2.94411
142,28,3.32924
144,28,3.74459
146,28,4.188
148,28,4.65646
150,28,5.14608
152,28,5.65212
154,28,6.16898
156,28,6.69034
158,28,7.20924
160,28,7.71824
162,28,8.20961
164,28,8.6755
166,28,9.10818
168,28,9.50023
170,28,9.84476
172,28,10.1356
174,28,10.3675
176,28,10.5361
178,28,10.6385
180,28,10.6726
-180,30,9.36702
-178,30,9.34126
-176,30,9.24837
-174,30,9.09019
-172,30,8.86989
-170,30,8.59191
-168,30,8.26177
-166,30,7.886
-164,30,7.47185
-162,30,7.02714
-160,30,6.55996
-158,30,6.07846
-156,30,5.5906
-154,30,5.10393
-152,30,4.62539
-150,30,4.16117
-148,30,3.71659
-146,30,3.29606
-144,30,2.90303
-142,30,2.54002
-140,30,2.20868
-138,30,1.90985
-136,30,1.64364
-134,30,1.40951
-132,30,1.20642
-130,30,1.03283
-128,30,0.886908
-126,30,0.766499
-124,30,0.669279
-122,30,0.5928
-120,30,0.534562
-118,30,0.492075
-116,30,0.462909
-114,30,0.444749
-112,30,0.435424
-110,30,0.432945
-108,30,0.435519
-106,30,0.441564
-104,30,0.44971
-102,30,0.458797
-100,30,0.467867
-98,30,0.476149
-96,30,0.483045
-94,30,0.488116
-92,30,0.491071
-90,30,0.49175
-88,30,0.490126
-86,30,0.486293
-84,30,0.480475
-82,30,0.473023
-80,30,0.46443
-78,30,0.455339
-76,30,0.446556
-74,30,0.439063
-72,30,0.434028
-70,30,0.432814
-68,30,0.436982
-66,30,0.448291
-64,30,0.468682
-62,30,0.500267
-60,30,0.545295
-58,30,0.606121
-56,30,0.685154
-54,30,0.784811
-52,30,0.907447
-50,30,1.05529
-48,30,1.23038
-46,30,1.43445
-44,30,1.66891
-42,30,1.9347
-40,30,2.23226
-38,30,2.56139
-36,30,2.92124
-34,30,3.31021
-32,30,3.72588
-30,30,4.16499
-28,30,4.62342
-26,30,5.09621
-24,30,5.57759
-22,30,6.06107
-20,30,6.53952
-18,30,7.00536
-16,30,7.45074
-14,30,7.8677
-12,30,8.24846
-10,30,8.58559
-8,30,8.87229
-6,30,9.1026
-4,30,9.27158
-2,30,9.37551
0,30,9.412
2,30,9.38011
4,30,9.28035
6,30,9.1147
8,30,8.88652
10,30,8.60048
12,30,8.2624
14,30,7.87902
16,30,7.45782
18,30,7.00677
20,30,6.53407
22,30,6.04791
24,30,5.55626
26,30,5.06662
28,30,4.58586
30,30,4.1201
32,30,3.67458
34,30,3.25362
36,30,2.86062
38,30,2.49805
40,30,2.16751
42,30,1.86978
44,30,1.60493
46,30,1.37239
48,30,1.17106
50,30,0.999389
52,30,0.85546
54,30,0.737103
56,30,0.64196
58,30,0.567559
60,30,0.511388
62,30,0.470951
64,30,0.443824
66,30,0.427697
68,30,0.42041
70,30,0.419977
72,30,0.424607
74,30,0.432709
76,30,0.442898
78,30,0.453987
80,30,0.464984
82,30,0.475074
84,30,0.483614
86,30,0.490115
88,30,0.494236
90,30,0.495771
92,30,0.49465
94,30,0.490933
96,30,0.484813
98,30,0.476623
100,30,0.466846
102,30,0.456123
104,30,0.445263
106,30,0.435259
108,30,0.427296
110,30,0.422754
112,30,0.423212
114,30,0.430444
116,30,0.446407
118,30,0.473225
120,30,0.513158
122,30,0.568576
124,30,0.64191
126,30,0.735612
128,30,0.852093
130,30,0.993663
132,30,1.16247
134,30,1.36039
136,30,1.58901
138,30,1.84946
140,30,2.14237
142,30,2.46774
144,30,2.82487
146,30,3.21226
148,30,3.62754
150,30,4.06741
152,30,4.52765
154,30,5.00311
156,30,5.4878
158,30,5.97497
160,30,6.45725
162,30,6.92689
164,30,7.37586
166,30,7.79618
168,30,8.18009
170,30,8.52027
172,30,8.8101
174,30,9.04382
176,30,9.21671
178,30,9.3252
180,30,9.36702
-180,32,8.18014
-178,32,8.16151
-176,32,8.07743
-174,32,7.92959
-172,32,7.72112
-170,32,7.45651
-168,32,7.14148
-166,32,6.78281
-164,32,6.38808
-162,32,5.96545
-160,32,5.52339
-158,32,5.07037
-156,32,4.61457
-154,32,4.16368
-152,32,3.72467
-150,32,3.30359
-148,32,2.90553
-146,32,2.53451
-144,32,2.19353
-142,32,1.88457
-140,32,1.60867
-138,32,1.36607
-136,32,1.15627
-134,32,0.978134
-132,32,0.830052
-130,32,0.709997
-128,32,0.615636
-126,32,0.544421
-124,32,0.493668
-122,32,0.460638
-120,32,0.442604
-118,32,0.436916
-116,32,0.441058
-114,32,0.452691
-112,32,0.469687
-110,32,0.490159
-108,32,0.512466
-106,32,0.535217
-104,32,0.557261
-102,32,0.577669
-100,32,0.595715
-98,32,0.610849
-96,32,0.62267
-94,32,0.630905
-92,32,0.635387
-90,32,0.636038
-88,32,0.632862
-86,32,0.625937
-84,32,0.615423
-82,32,0.601563
-80,32,0.584703
-78,32,0.565307
-76,32,0.54398
-74,32,0.521486
-72,32,0.498778
-70,32,0.47701
-68,32,0.45756
-66,32,0.442034
-64,32,0.432271
-62,32,0.430331
-60,32,0.438478
-58,32,0.459145
-56,32,0.494893
-54,32,0.548356
-52,32,0.622172
-50,32,0.718915
-48,32,0.841009
-46,32,0.990643
-44,32,1.16968
-42,32,1.37958
-40,32,1.62127
-38,32,1.8951
-36,32,2.20074
-34,32,2.53707
-32,32,2.90218
-30,32,3.29326
-28,32,3.7066
-26,32,4.1376
-24,32,4.58075
-22,32,5.02978
-20,32,5.47768
-18,32,5.91692
-16,32,6.33956
-14,32,6.73755
-12,32,7.10288
-10,32,7.42789
-8,32,7.7055
-6,32,7.92945
-4,32,8.09454
-2,32,8.19681
0,32,8.2337
2,32,8.20415
4,32,8.10865
6,32,7.94924
8,32,7.72943
10,32,7.45411
12,32,7.12934
14,32,6.76217
16,32,6.36038
18,32,5.93222
20,32,5.48611
22,32,5.03041
24,32,4.57313
26,32,4.12173
28,32,3.68292
30,32,3.26256
32,32,2.86551
34,32,2.49566
36,32,2.15588
38,32,1.84807
40,32,1.57326
42,32,1.33163
44,32,1.12268
46,32,0.945295
48,32,0.797846
50,32,0.678313
52,32,0.584372
54,32,0.513486
56,32,0.462995
58,32,0.430189
60,32,0.412385
62,32,0.40698
64,32,0.411512
66,32,0.423693
68,32,0.441445
70,32,0.462913
72,32,0.486477
74,32,0.510749
76,32,0.53456
78,32,0.55695
80,32,0.577143
82,32,0.594528
84,32,0.608635
86,32,0.619119
88,32,0.625737
90,32,0.628344
92,32,0.626878
94,32,0.621362
96,32,0.611909
98,32,0.59873
100,32,0.582148
102,32,0.562616
104,32,0.54074
106,32,0.517295
108,32,0.493253
110,32,0.469792
112,32,0.448314
114,32,0.430449
116,32,0.418052
118,32,0.413186
120,32,0.418107
122,32,0.435222
124,32,0.467056
126,32,0.516194
128,32,0.58523
130,32,0.676698
132,32,0.793009
134,32,0.936375
136,32,1.10873
138,32,1.31163
140,32,1.5462
142,32,1.81298
144,32,2.11186
146,32,2.44199
148,32,2.80165
150,32,3.18823
152,32,3.59813
154,32,4.02681
156,32,4.46876
158,32,4.91766
160,32,5.36641
162,32,5.8074
164,32,6.23264
166,32,6.63403
168,32,7.00358
170,32,7.33369
172,32,7.61735
174,32,7.84838
176,32,8.02162
178,32,8.13309
180,32,8.18014
-180,34,7.09965
-178,34,7.08547
-176,34,7.0081
-174,34,6.86915
-172,34,6.67177
-170,34,6.42058
-168,34,6.12149
-166,34,5.78155
-164,34,5.40864
-162,34,5.01122
-160,34,4.59801
-158,34,4.17766
-156,34,3.75843
-154,34,3.34797
-152,34,2.95303
-150,34,2.57937
-148,34,2.23161
-146,34,1.91325
-144,34,1.62666
-142,34,1.37317
-140,34,1.15319
-138,34,0.9663
-136,34,0.811382
-134,34,0.686764
-132,34,0.590317
-130,34,0.519568
-128,34,0.471799
-126,34,0.444137
-124,34,0.433639
-122,34,0.437374
-120,34,0.452495
-118,34,0.476304
-116,34,0.50631
-114,34,0.540272
-112,34,0.57623
-110,34,0.612517
-108,34,0.647761
-106,34,0.680871
-104,34,0.711013
-102,34,0.737576
-100,34,0.760139
-98,34,0.778431
-96,34,0.792293
-94,34,0.801648
-92,34,0.806474
-90,34,0.806783
-88,34,0.80261
-86,34,0.794009
-84,34,0.781056
-82,34,0.763861
-80,34,0.742587
-78,34,0.717471
-76,34,0.688858
-74,34,0.657229
-72,34,0.623235
-70,34,0.587734
-68,34,0.551813
-66,34,0.516821
-64,34,0.484374
-62,34,0.456365
-60,34,0.434956
-58,34,0.422547
-56,34,0.421743
-54,34,0.4353
-52,34,0.466055
-50,34,0.516847
-48,34,0.590432
-46,34,0.689384
-44,34,0.815998
-42,34,0.972189
-40,34,1.15939
-38,34,1.37847
-36,34,1.62961
-34,34,1.91225
-32,34,2.22499
-30,34,2.56554
-28,34,2.93071
-26,34,3.31633
-24,34,3.71731
-22,34,4.12771
-20,34,4.54077
-18,34,4.94913
-16,34,5.34493
-14,34,5.72008
-12,34,6.06648
-10,34,6.37628
-8,34,6.64218
-6,34,6.85767
-4,34,7.01728
-2,34,7.11685
0,34,7.15364
2,34,7.12648
4,34,7.03586
6,34,6.88388
8,34,6.67419
10,34,6.4119
12,34,6.10332
14,34,5.75576
16,34,5.37725
18,34,4.97622
20,34,4.56122
22,34,4.14061
24,34,3.7223
26,34,3.31354
28,34,2.92071
30,34,2.54922
32,34,2.20342
34,34,1.88661
36,34,1.60105
38,34,1.34801
40,34,1.12789
42,34,0.940302
44,34,0.784191
46,34,0.657937
48,34,0.559479
50,34,0.486411
52,34,0.436086
54,34,0.405712
56,34,0.392435
58,34,0.393424
60,34,0.40594
62,34,0.427398
64,34,0.455415
66,34,0.487848
68,34,0.522817
70,34,0.558708
72,34,0.594173
74,34,0.628116
76,34,0.659666
78,34,0.688154
80,34,0.713076
82,34,0.734064
84,34,0.750857
86,34,0.76327
88,34,0.77118
90,34,0.774501
92,34,0.773183
94,34,0.767208
96,34,0.75659
98,34,0.741396
100,34,0.72176
102,34,0.697907
104,34,0.670183
106,34,0.63909
108,34,0.605311
110,34,0.569749
112,34,0.533545
114,34,0.498101
116,34,0.465084
118,34,0.436424
120,34,0.414292
122,34,0.401073
124,34,0.399315
126,34,0.411679
128,34,0.440873
130,34,0.489585
132,34,0.560408
134,34,0.655772
136,34,0.777865
138,34,0.928559
140,34,1.10932
142,34,1.32114
144,34,1.56441
146,34,1.83884
148,34,2.14337
150,34,2.47606
152,34,2.83403
154,34,3.21339
156,34,3.60931
158,34,4.01597
160,34,4.42675
162,34,4.83431
164,34,5.23083
166,34,5.60823
168,34,5.95842
170,34,6.27357
172,34,6.54637
174,34,6.7703
176,34,6.93982
178,34,7.0506
180,34,7.09965
-180,36,6.10505
-178,36,6.09241
-176,36,6.01953
-174,36,5.88802
-172,36,5.70113
-170,36,5.46365
-168,36,5.18171
-166,36,4.86258
-164,36,4.51438
-162,36,4.14574
-160,36,3.76547
-158,36,3.38222
-156,36,3.00409
-154,36,2.63845
-152,36,2.29163
-150,36,1.96884
-148,36,1.67408
-146,36,1.41013
-144,36,1.17867
-142,36,0.980311
-140,36,0.814794
-138,36,0.681083
-136,36,0.577517
-134,36,0.50194
-132,36,0.45181
-130,36,0.42431
-128,36,0.416438
-126,36,0.425101
-124,36,0.447204
-122,36,0.479733
-120,36,0.519832
-118,36,0.564873
-116,36,0.61251
-114,36,0.660722
-112,36,0.707831
-110,36,0.752507
-108,36,0.793749
-106,36,0.830855
-104,36,0.863385
-102,36,0.891104
-100,36,0.913942
-98,36,0.931934
-96,36,0.945184
-94,36,0.953821
-92,36,0.957971
-90,36,0.957735
-88,36,0.953176
-86,36,0.944319
-84,36,0.93115
-82,36,0.913633
-80,36,0.891731
-78,36,0.865432
-76,36,0.834785
-74,36,0.799941
-72,36,0.76119
-70,36,0.719016
-68,36,0.674129
-66,36,0.627513
-64,36,0.580453
-62,36,0.534558
-60,36,0.491762
-58,36,0.454317
-56,36,0.424759
-54,36,0.40586
-52,36,0.40056
-50,36,0.411883
-48,36,0.442842
-46,36,0.496336
-44,36,0.575037
-42,36,0.681287
-40,36,0.816982
-38,36,0.983478
-36,36,1.18149
-34,36,1.41098
-32,36,1.67113
-30,36,1.96021
-28,36,2.27557
-26,36,2.6136
-24,36,2.96969
-22,36,3.33834
-20,36,3.71319
-18,36,4.08711
-16,36,4.45246
-14,36,4.80122
-12,36,5.12527
-10,36,5.41668
-8,36,5.66799
-6,36,5.8725
-4,36,6.02457
-2,36,6.11983
0,36,6.15544
2,36,6.13017
4,36,6.04451
6,36,5.90067
8,36,5.70246
10,36,5.45518
12,36,5.16537
14,36,4.84054
16,36,4.48887
18,36,4.11886
20,36,3.73904
22,36,3.35759
24,36,2.98215
26,36,2.61956
28,36,2.27566
30,36,1.95527
32,36,1.6621
34,36,1.39874
36,36,1.16679
38,36,0.966872
40,36,0.79878
42,36,0.661581
44,36,0.553739
46,36,0.473223
48,36,0.417622
50,36,0.384247
52,36,0.370235
54,36,0.37264
56,36,0.388523
58,36,0.415041
60,36,0.449512
62,36,0.489482
64,36,0.532765
66,36,0.577471
68,36,0.622022
70,36,0.66514
72,36,0.705835
74,36,0.743369
76,36,0.777224
78,36,0.807061
80,36,0.832674
82,36,0.853959
84,36,0.870868
86,36,0.883386
88,36,0.891505
90,36,0.895204
92,36,0.894443
94,36,0.889158
96,36,0.879271
98,36,0.864696
100,36,0.845369
102,36,0.821269
104,36,0.792458
106,36,0.759118
108,36,0.721597
110,36,0.680451
112,36,0.636483
114,36,0.590782
116,36,0.54474
118,36,0.500061
120,36,0.458756
122,36,0.42311
124,36,0.395638
126,36,0.379025
128,36,0.376049
130,36,0.389507
132,36,0.422128
134,36,0.476498
136,36,0.554986
138,36,0.659672
140,36,0.792281
142,36,0.954108
144,36,1.14594
146,36,1.36798
148,36,1.61971
150,36,1.89983
152,36,2.20617
154,36,2.53556
156,36,2.88386
158,36,3.2459
160,36,3.6156
162,36,3.98606
164,36,4.34974
166,36,4.6987
168,36,5.02488
170,36,5.32034
172,36,5.57759
174,36,5.78986
176,36,5.95135
178,36,6.05748
180,36,6.10505
-180,38,5.17792
-178,38,5.16453
-176,38,5.09475
-174,38,4.9703
-172,38,4.79455
-170,38,4.57241
-168,38,4.31018
-166,38,4.01524
-164,38,3.69577
-162,38,3.36038
-160,38,3.01774
-158,38,2.67622
-156,38,2.34354
-154,38,2.0265
-152,38,1.7308
-150,38,1.46091
-148,38,1.22005
-146,38,1.01026
-144,38,0.832422
-142,38,0.686496
-140,38,0.571597
-138,38,0.486168
-136,38,0.428112
-134,38,0.394913
-132,38,0.383743
-130,38,0.391558
-128,38,0.415192
-126,38,0.451449
-124,38,0.497196
-122,38,0.549452
-120,38,0.605471
-118,38,0.662815
-116,38,0.719408
-114,38,0.773562
-112,38,0.823992
-110,38,0.869792
-108,38,0.910411
-106,38,0.945592
-104,38,0.975321
-102,38,0.999759
-100,38,1.01918
-98,38,1.03393
-96,38,1.04435
-94,38,1.05076
-92,38,1.05342
-90,38,1.0525
-88,38,1.0481
-86,38,1.04022
-84,38,1.02875
-82,38,1.01354
-80,38,0.994367
-78,38,0.970975
-76,38,0.943127
-74,38,0.910632
-72,38,0.873396
-70,38,0.831483
-68,38,0.785163
-66,38,0.73497
-64,38,0.681755
-62,38,0.626722
-60,38,0.571456
-58,38,0.517928
-56,38,0.468478
-54,38,0.425774
-52,38,0.392748
-50,38,0.372509
-48,38,0.368241
-46,38,0.383089
-44,38,0.42004
-42,38,0.481802
-40,38,0.570689
-38,38,0.688511
-36,38,0.836472
-34,38,1.01508
-32,38,1.22404
-30,38,1.46223
-28,38,1.72756
-26,38,2.01701
-24,38,2.32652
-22,38,2.65111
-20,38,2.98485
-18,38,3.32101
-16,38,3.65222
-14,38,3.97066
-12,38,4.26834
-10,38,4.53737
-8,38,4.7703
-6,38,4.96037
-4,38,5.10191
-2,38,5.19051
0,38,5.2233
2,38,5.1991
4,38,5.11846
6,38,4.98369
8,38,4.79875
10,38,4.56907
12,38,4.30129
14,38,4.00298
16,38,3.68229
18,38,3.34761
20,38,3.00717
22,38,2.66882
24,38,2.33967
26,38,2.02594
28,38,1.73283
30,38,1.4644
32,38,1.22365
34,38,1.01245
36,38,0.831729
38,38,0.68152
40,38,0.561089
42,38,0.469057
44,38,0.403509
46,38,0.362107
48,38,0.342192
50,38,0.340889
52,38,0.355208
54,38,0.382141
56,38,0.418764
58,38,0.462318
60,38,0.510287
62,38,0.560456
64,38,0.610945
66,38,0.660227
68,38,0.70712
70,38,0.750765
72,38,0.790592
74,38,0.826269
76,38,0.857654
78,38,0.884748
80,38,0.907641
82,38,0.926473
84,38,0.941393
86,38,0.952536
88,38,0.959993
90,38,0.963798
92,38,0.963918
94,38,0.960254
96,38,0.95264
98,38,0.940862
100,38,0.924673
102,38,0.903822
104,38,0.878092
106,38,0.847342
108,38,0.811556
110,38,0.770904
112,38,0.725786
114,38,0.676896
116,38,0.625252
118,38,0.572235
120,38,0.519586
122,38,0.469398
124,38,0.424071
126,38,0.386251
128,38,0.358743
130,38,0.344421
132,38,0.346127
134,38,0.366581
136,38,0.408293
138,38,0.473502
140,38,0.564108
142,38,0.681624
144,38,0.827117
146,38,1.00113
148,38,1.20362
150,38,1.43383
152,38,1.6902
154,38,1.97025
156,38,2.27055
158,38,2.58661
160,38,2.91297
162,38,3.24326
164,38,3.57036
166,38,3.88664
168,38,4.1842
170,38,4.45517
172,38,4.69206
174,38,4.88803
176,38,5.03721
178,38,5.13492
180,38,5.17792
-180,40,4.31244
-178,40,4.29718
-176,40,4.23042
-174,40,4.114
-172,40,3.95135
-170,40,3.74746
-168,40,3.50859
-166,40,3.24205
-164,40,2.95582
-162,40,2.65823
-160,40,2.35751
-158,40,2.0615
-156,40,1.77725
-154,40,1.51083
-152,40,1.2671
-150,40,1.04972
-148,40,0.861067
-146,40,0.702397
-144,40,0.57393
-142,40,0.475017
-140,40,0.404294
-138,40,0.359822
-136,40,0.339214
-134,40,0.339739
-132,40,0.358414
-130,40,0.392101
-128,40,0.437591
-126,40,0.491706
-124,40,0.551397
-122,40,0.61384
-120,40,0.676528
-118,40,0.737335
-116,40,0.794564
-114,40,0.846965
-112,40,0.893719
-110,40,0.934406
-108,40,0.968945
-106,40,0.997524
-104,40,1.02053
-102,40,1.03848
-100,40,1.05194
-98,40,1.06149
-96,40,1.06766
-94,40,1.0709
-92,40,1.07158
-90,40,1.06992
-88,40,1.06604
-86,40,1.05992
-84,40,1.05143
-82,40,1.0403
-80,40,1.02619
-78,40,1.00867
-76,40,0.987257
-74,40,0.961477
-72,40,0.930884
-70,40,0.895133
-68,40,0.854038
-66,40,0.807645
-64,40,0.756298
-62,40,0.700703
-60,40,0.641977
-58,40,0.58168
-56,40,0.521815
-54,40,0.464807
-52,40,0.413444
-50,40,0.370796
-48,40,0.340105
-46,40,0.324661
-44,40,0.327675
-42,40,0.352143
-40,40,0.400724
-38,40,0.475623
-36,40,0.578487
-34,40,0.710302
-32,40,0.871309
-30,40,1.06092
-28,40,1.27763
-26,40,1.519
-24,40,1.78154
-22,40,2.0608
-20,40,2.35136
-18,40,2.64693
-16,40,2.94053
-14,40,3.22468
-12,40,3.49168
-10,40,3.73389
-8,40,3.94407
-6,40,4.11568
-4,40,4.24321
-2,40,4.32246
0,40,4.3507
2,40,4.32691
4,40,4.25174
6,40,4.12761
8,40,3.9585
10,40,3.7498
12,40,3.50806
14,40,3.24065
16,40,2.95542
18,40,2.66034
20,40,2.36313
22,40,2.07099
24,40,1.79037
26,40,1.52671
28,40,1.28443
30,40,1.06685
32,40,0.87621
34,40,0.713766
36,40,0.579864
38,40,0.47406
40,40,0.395231
42,40,0.341678
44,40,0.311231
46,40,0.301344
48,40,0.309201
50,40,0.331815
52,40,0.36614
54,40,0.409185
56,40,0.458118
58,40,0.510361
60,40,0.563668
62,40,0.616173
64,40,0.666412
66,40,0.713317
68,40,0.75619
70,40,0.794649
72,40,0.828578
74,40,0.858059
76,40,0.883314
78,40,0.904647
80,40,0.922395
82,40,0.936891
84,40,0.94843
86,40,0.957246
88,40,0.963493
90,40,0.967239
92,40,0.968454
94,40,0.96701
96,40,0.962687
98,40,0.955179
100,40,0.944107
102,40,0.929045
104,40,0.909545
106,40,0.885185
108,40,0.855612
110,40,0.820605
112,40,0.780139
114,40,0.734452
116,40,0.684109
118,40,0.630056
120,40,0.573648
122,40,0.516662
124,40,0.461267
126,40,0.409973
128,40,0.365542
130,40,0.33088
132,40,0.30892
134,40,0.302507
136,40,0.314293
138,40,0.346656
140,40,0.401639
142,40,0.480908
144,40,0.585715
146,40,0.716851
148,40,0.87459
150,40,1.0586
152,40,1.26783
154,40,1.50041
156,40,1.75355
158,40,2.02345
160,40,2.30531
162,40,2.59336
164,40,2.88103
166,40,3.16112
168,40,3.4261
170,40,3.66839
172,40,3.88071
174,40,4.0564
176,40,4.18971
178,40,4.2761
180,40,4.31244
-180,42,3.51875
-178,42,3.50166
-176,42,3.43881
-174,42,3.3321
-172,42,3.18499
-170,42,3.00235
-168,42,2.79024
-166,42,2.55563
-164,42,2.30606
-162,42,2.04927
-160,42,1.79283
-158,42,1.54378
-156,42,1.30835
-154,42,1.0917
-152,42,0.897835
-150,42,0.729524
-148,42,0.588386
-146,42,0.474984
-144,42,0.388974
-142,42,0.329266
-140,42,0.29417
-138,42,0.281522
-136,42,0.288794
-134,42,0.313176
-132,42,0.351665
-130,42,0.401148
-128,42,0.458499
-126,42,0.520684
-124,42,0.584866
-122,42,0.648511
-120,42,0.709472
-118,42,0.766051
-116,42,0.817026
-114,42,0.861644
-112,42,0.899588
-110,42,0.930911
-108,42,0.955963
-106,42,0.975308
-104,42,0.989642
-102,42,0.99972
-100,42,1.0063
-98,42,1.01008
-96,42,1.01169
-94,42,1.01165
-92,42,1.01034
-90,42,1.00803
-88,42,1.00484
-86,42,1.00076
-84,42,0.995638
-82,42,0.989207
-80,42,0.98106
-78,42,0.970684
-76,42,0.957473
-74,42,0.940757
-72,42,0.91984
-70,42,0.894051
-68,42,0.862812
-66,42,0.82571
-64,42,0.78258
-62,42,0.733591
-60,42,0.679318
-58,42,0.620801
-56,42,0.559581
-54,42,0.497692
-52,42,0.437631
-50,42,0.382275
-48,42,0.334778
-46,42,0.298443
-44,42,0.276579
-42,42,0.272359
-40,42,0.288685
-38,42,0.32807
-36,42,0.392518
-34,42,0.483433
-32,42,0.60152
-30,42,0.746695
-28,42,0.918002
-26,42,1.11353
-24,42,1.33039
-22,42,1.56466
-20,42,1.81143
-18,42,2.06494
-16,42,2.31869
-14,42,2.56566
-12,42,2.79861
-10,42,3.01038
-8,42,3.1942
-6,42,3.34399
-4,42,3.45472
-2,42,3.52255
0,42,3.54513
2,42,3.52167
4,42,3.45297
6,42,3.34143
8,42,3.19093
10,42,3.0066
12,42,2.7946
14,42,2.56181
16,42,2.31546
18,42,2.06284
20,42,1.81091
22,42,1.56607
24,42,1.33391
26,42,1.11909
28,42,0.925226
30,42,0.75492
32,42,0.609795
34,42,0.490578
36,42,0.3972
38,42,0.328897
40,42,0.284299
42,42,0.26152
44,42,0.258239
46,42,0.271789
48,42,0.299259
50,42,0.337608
52,42,0.383794
54,42,0.434905
56,42,0.488284
58,42,0.541631
60,42,0.593074
62,42,0.641203
64,42,0.685067
66,42,0.724135
68,42,0.758235
70,42,0.787482
72,42,0.812196
74,42,0.832828
76,42,0.849892
78,42,0.863914
80,42,0.875388
82,42,0.884752
84,42,0.892363
86,42,0.898489
88,42,0.903302
90,42,0.906872
92,42,0.909166
94,42,0.910049
96,42,0.909283
98,42,0.906527
100,42,0.90135
102,42,0.893233
104,42,0.881596
106,42,0.865824
108,42,0.845305
110,42,0.819492
112,42,0.787962
114,42,0.750496
116,42,0.707164
118,42,0.658396
120,42,0.605051
122,42,0.548457
124,42,0.490414
126,42,0.433161
128,42,0.3793
130,42,0.331687
132,42,0.293292
134,42,0.267062
136,42,0.255785
138,42,0.261982
140,42,0.287832
142,42,0.335129
144,42,0.405255
146,42,0.499164
148,42,0.617348
150,42,0.759778
152,42,0.925813
154,42,1.11408
156,42,1.32238
158,42,1.54755
160,42,1.78546
162,42,2.031
164,42,2.27822
166,42,2.52051
168,42,2.75085
170,42,2.96213
172,42,3.14747
174,42,3.30061
176,42,3.41612
178,42,3.48979
180,42,3.51875
-180,44,2.81613
-178,44,2.79802
-176,44,2.74021
-174,44,2.64465
-172,44,2.51474
-170,44,2.35511
-168,44,2.17144
-166,44,1.97017
-164,44,1.75818
-162,44,1.54242
-160,44,1.32961
-158,44,1.12587
-156,44,0.936477
-154,44,0.76567
-152,44,0.616568
-150,44,0.49116
-148,44,0.390386
-146,44,0.31426
-144,44,0.262029
-142,44,0.232319
-140,44,0.223266
-138,44,0.232622
-136,44,0.257842
-134,44,0.296158
-132,44,0.344656
-130,44,0.400367
-128,44,0.460368
-126,44,0.521893
-124,44,0.582453
-122,44,0.639926
-120,44,0.692641
-118,44,0.739411
-116,44,0.779541
-114,44,0.812785
-112,44,0.839292
-110,44,0.859516
-108,44,0.874128
-106,44,0.883932
-104,44,0.889784
-102,44,0.892533
-100,44,0.892972
-98,44,0.89181
-96,44,0.889649
-94,44,0.886978
-92,44,0.884166
-90,44,0.881464
-88,44,0.879001
-86,44,0.876783
-84,44,0.874695
-82,44,0.872498
-80,44,0.869821
-78,44,0.86617
-76,44,0.860929
-74,44,0.853372
-72,44,0.842691
-70,44,0.828032
-68,44,0.808553
-66,44,0.783493
-64,44,0.75226
-62,44,0.714528
-60,44,0.670333
-58,44,0.620155
-56,44,0.564988
-54,44,0.506363
-52,44,0.446338
-50,44,0.387442
-48,44,0.33258
-46,44,0.284902
-44,44,0.247661
-42,44,0.22406
-40,44,0.217112
-38,44,0.22951
-36,44,0.263512
-34,44,0.320841
-32,44,0.402581
-30,44,0.50909
-28,44,0.639899
-26,44,0.793632
-24,44,0.967933
-22,44,1.15945
-20,44,1.36384
-18,44,1.57589
-16,44,1.78967
-14,44,1.99877
-12,44,2.19655
-10,44,2.37649
-8,44,2.53249
-6,44,2.65916
-4,44,2.75206
-2,44,2.80795
0,44,2.82491
2,44,2.80242
4,44,2.74141
6,44,2.64415
8,44,2.51423
10,44,2.35631
12,44,2.17591
14,44,1.97918
16,44,1.77253
18,44,1.56237
20,44,1.35477
22,44,1.15526
24,44,0.968582
26,44,0.798581
28,44,0.648176
30,44,0.519352
32,44,0.413235
34,44,0.33017
36,44,0.269812
38,44,0.231208
40,44,0.212865
42,44,0.212808
44,44,0.228648
46,44,0.257661
48,44,0.2969
50,44,0.343327
52,44,0.393969
54,44,0.446074
56,44,0.497253
58,44,0.54558
60,44,0.589653
62,44,0.628599
64,44,0.662032
66,44,0.689978
68,44,0.712778
70,44,0.730987
72,44,0.745278
74,44,0.756363
76,44,0.764931
78,44,0.771609
80,44,0.776937
82,44,0.781355
84,44,0.7852
86,44,0.788712
88,44,0.792035
90,44,0.795222
92,44,0.79824
94,44,0.800964
96,44,0.803182
98,44,0.804585
100,44,0.804767
102,44,0.803224
104,44,0.799355
106,44,0.792475
108,44,0.781841
110,44,0.766692
112,44,0.746304
114,44,0.72007
116,44,0.687589
118,44,0.64876
120,44,0.603884
122,44,0.553734
124,44,0.499605
126,44,0.443317
128,44,0.387163
130,44,0.333813
132,44,0.286168
134,44,0.247205
136,44,0.219804
138,44,0.206614
140,44,0.209943
142,44,0.231702
144,44,0.273383
146,44,0.33606
148,44,0.420383
150,44,0.526554
152,44,0.654259
154,44,0.802566
156,44,0.969801
158,44,1.15343
160,44,1.34999
162,44,1.55505
164,44,1.76334
166,44,1.96888
168,44,2.16523
170,44,2.34584
172,44,2.50438
174,44,2.63503
176,44,2.73287
178,44,2.79406
180,44,2.81613
-180,46,2.22128
-178,46,2.20318
-176,46,2.15122
-174,46,2.0674
-172,46,1.95499
-170,46,1.81831
-168,46,1.66253
-166,46,1.49346
-164,46,1.31719
-162,46,1.13979
-160,46,0.967029
-158,46,0.804064
-156,46,0.655224
-154,46,0.523863
-152,46,0.412303
-150,46,0.321858
-148,46,0.25293
-146,46,0.20514
-144,46,0.177471
-142,46,0.168404
-140,46,0.176023
-138,46,0.198102
-136,46,0.232176
-134,46,0.275604
-132,46,0.325658
-130,46,0.379611
-128,46,0.434855
-126,46,0.489014
-124,46,0.540057
-122,46,0.586379
-120,46,0.626856
-118,46,0.660853
-116,46,0.68819
-114,46,0.709076
-112,46,0.724027
-110,46,0.733766
-108,46,0.73913
-106,46,0.740994
-104,46,0.740211
-102,46,0.737564
-100,46,0.733749
-98,46,0.729359
-96,46,0.724887
-94,46,0.720725
-92,46,0.717175
-90,46,0.714446
-88,46,0.712663
-86,46,0.71186
-84,46,0.711977
-82,46,0.712852
-80,46,0.714211
-78,46,0.715658
-76,46,0.716666
-74,46,0.716582
-72,46,0.714626
-70,46,0.709917
-68,46,0.701515
-66,46,0.688474
-64,46,0.669924
-62,46,0.645167
-60,46,0.613784
-58,46,0.575741
-56,46,0.531474
-54,46,0.481958
-52,46,0.428719
-50,46,0.373809
-48,46,0.319732
-46,46,0.269325
-44,46,0.22562
-42,46,0.19169
-40,46,0.170502
-38,46,0.164786
-36,46,0.176914
-34,46,0.208801
-32,46,0.261807
-30,46,0.336636
-28,46,0.433245
-26,46,0.550741
-24,46,0.687309
-22,46,0.840169
-20,46,1.00559
-18,46,1.179
-16,46,1.35511
-14,46,1.5282
-12,46,1.69234
-10,46,1.84177
-8,46,1.97114
-6,46,2.07579
-4,46,2.152
-2,46,2.19709
0,46,2.20958
2,46,2.18919
4,46,2.13683
6,46,2.0546
8,46,1.94562
10,46,1.81394
12,46,1.66433
14,46,1.50207
16,46,1.3327
18,46,1.1617
20,46,0.994297
22,46,0.835157
24,46,0.68826
26,46,0.556766
28,46,0.442984
30,46,0.348402
32,46,0.273751
34,46,0.219093
36,46,0.183897
38,46,0.167101
40,46,0.167156
42,46,0.182064
44,46,0.209432
46,46,0.246548
48,46,0.290505
50,46,0.338355
52,46,0.387291
54,46,0.434822
56,46,0.478923
58,46,0.518127
60,46,0.551559
62,46,0.578903
64,46,0.600318
66,46,0.616325
68,46,0.627675
70,46,0.635236
72,46,0.63989
74,46,0.642465
76,46,0.643686
78,46,0.644159
80,46,0.644364
82,46,0.644664
84,46,0.645319
86,46,0.646501
88,46,0.648308
90,46,0.65077
92,46,0.653857
94,46,0.65748
96,46,0.661483
98,46,0.665639
100,46,0.669635
102,46,0.673061
104,46,0.675403
106,46,0.676031
108,46,0.674206
110,46,0.669103
112,46,0.659843
114,46,0.645561
116,46,0.625491
118,46,0.599069
120,46,0.566052
122,46,0.526628
124,46,0.481502
126,46,0.43195
128,46,0.379803
130,46,0.327383
132,46,0.277371
134,46,0.23264
136,46,0.196064
138,46,0.170352
140,46,0.157902
142,46,0.160725
144,46,0.180409
146,46,0.21813
148,46,0.274677
150,46,0.350448
152,46,0.445422
154,46,0.559073
156,46,0.690242
158,46,0.837004
160,46,0.996553
162,46,1.16516
164,46,1.33821
166,46,1.51035
168,46,1.67576
170,46,1.82842
172,46,1.96252
174,46,2.07274
176,46,2.15465
178,46,2.20486
180,46,2.22128
-180,48,1.73988
-178,48,1.7228
-176,48,1.67716
-174,48,1.60499
-172,48,1.50932
-170,48,1.39411
-168,48,1.26399
-166,48,1.12404
-164,48,0.979549
-162,48,0.8357
-160,48,0.697334
-158,48,0.568695
-156,48,0.453251
-154,48,0.353581
-152,48,0.271346
-150,48,0.207334
-148,48,0.161561
-146,48,0.133397
-144,48,0.121691
-142,48,0.124885
-140,48,0.141096
-138,48,0.168188
-136,48,0.203831
-134,48,0.245577
-132,48,0.290946
-130,48,0.337537
-128,48,0.38314
-126,48,0.425858
-124,48,0.464193
-122,48,0.497109
-120,48,0.524045
-118,48,0.544887
-116,48,0.559899
-114,48,0.569635
-112,48,0.574833
-110,48,0.576324
-108,48,0.574948
-106,48,0.571495
-104,48,0.566671
-102,48,0.56108
-100,48,0.555226
-98,48,0.549519
-96,48,0.544289
-94,48,0.539798
-92,48,0.536257
-90,48,0.533822
-88,48,0.532606
-86,48,0.532667
-84,48,0.534008
-82,48,0.536559
-80,48,0.540168
-78,48,0.544579
-76,48,0.549422
-74,48,0.554195
-72,48,0.55826
-70,48,0.560846
-68,48,0.561065
-66,48,0.557956
-64,48,0.550545
-62,48,0.537927
-60,48,0.519374
-58,48,0.494444
-56,48,0.463089
-54,48,0.425745
-52,48,0.383384
-50,48,0.337517
-48,48,0.290149
-46,48,0.243684
-44,48,0.200797
-42,48,0.164292
-40,48,0.136945
-38,48,0.121379
-36,48,0.119941
-34,48,0.134599
-32,48,0.166854
-30,48,0.217646
-28,48,0.287255
-26,48,0.375208
-24,48,0.480189
-22,48,0.599992
-20,48,0.731525
-18,48,0.870883
-16,48,1.01351
-14,48,1.15442
-12,48,1.28847
-10,48,1.41067
-8,48,1.51645
-6,48,1.60189
-4,48,1.66388
-2,48,1.7003
0,48,1.70998
2,48,1.69278
4,48,1.64953
6,48,1.582
8,48,1.49278
10,48,1.38523
12,48,1.26333
14,48,1.13152
16,48,0.994468
18,48,0.856873
20,48,0.72319
22,48,0.597415
24,48,0.482907
26,48,0.382279
28,48,0.297366
30,48,0.229255
32,48,0.178357
34,48,0.144498
36,48,0.126987
38,48,0.124676
40,48,0.135984
42,48,0.15893
44,48,0.191176
46,48,0.230108
48,48,0.272964
50,48,0.31701
52,48,0.359727
54,48,0.398995
56,48,0.433236
58,48,0.46148
60,48,0.483371
62,48,0.499089
64,48,0.509229
66,48,0.51466
68,48,0.516379
70,48,0.515392
72,48,0.512623
74,48,0.508868
76,48,0.504769
78,48,0.500819
80,48,0.497376
82,48,0.49469
84,48,0.492923
86,48,0.492175
88,48,0.492498
90,48,0.493907
92,48,0.496387
94,48,0.49989
96,48,0.504332
98,48,0.509582
100,48,0.515451
102,48,0.52167
104,48,0.52787
106,48,0.533569
108,48,0.538149
110,48,0.54086
112,48,0.540831
114,48,0.537109
116,48,0.528729
118,48,0.514808
120,48,0.49467
122,48,0.467974
124,48,0.434839
126,48,0.395938
128,48,0.352536
130,48,0.306462
132,48,0.260013
134,48,0.215798
136,48,0.176545
138,48,0.144908
140,48,0.1233
142,48,0.113784
144,48,0.118023
146,48,0.137286
148,48,0.172483
150,48,0.224196
152,48,0.292667
154,48,0.377738
156,48,0.478729
158,48,0.594286
160,48,0.722238
162,48,0.859511
164,48,1.00213
166,48,1.14537
168,48,1.28394
170,48,1.41238
172,48,1.52534
174,48,1.61801
176,48,1.68641
178,48,1.7276
180,48,1.73988
-180,50,1.36648
-178,50,1.35138
-176,50,1.31242
-174,50,1.25149
-172,50,1.17134
-170,50,1.07544
-168,50,0.967841
-166,50,0.852904
-164,50,0.73513
-162,50,0.618898
-160,50,0.508238
-158,50,0.406625
-156,50,0.316825
-154,50,0.240813
-152,50,0.179763
-150,50,0.134105
-148,50,0.103619
-146,50,0.0875481
-144,50,0.0847055
-142,50,0.0935612
-140,50,0.11231
-138,50,0.138934
-136,50,0.171267
-134,50,0.207077
-132,50,0.244174
-130,50,0.280522
-128,50,0.314364
-126,50,0.344314
-124,50,0.369428
-122,50,0.389223
-120,50,0.403649
-118,50,0.41302
-116,50,0.417919
-114,50,0.419091
-112,50,0.417346
-110,50,0.41347
-108,50,0.408175
-106,50,0.402062
-104,50,0.395616
-102,50,0.389212
-100,50,0.383137
-98,50,0.377604
-96,50,0.372782
-94,50,0.368806
-92,50,0.365793
-90,50,0.363844
-88,50,0.363051
-86,50,0.363486
-84,50,0.3652
-82,50,0.368203
-80,50,0.372458
-78,50,0.377855
-76,50,0.384195
-74,50,0.391169
-72,50,0.39834
-70,50,0.405128
-68,50,0.410815
-66,50,0.414558
-64,50,0.415428
-62,50,0.412475
-60,50,0.404815
-58,50,0.391742
-56,50,0.37284
-54,50,0.348092
-52,50,0.317959
-50,50,0.283421
-48,50,0.245961
-46,50,0.207499
-44,50,0.170286
-42,50,0.136766
-40,50,0.10943
-38,50,0.0906897
-36,50,0.0827493
-34,50,0.0875143
-32,50,0.106503
-30,50,0.140761
-28,50,0.190777
-26,50,0.256385
-24,50,0.336684
-22,50,0.429972
-20,50,0.533748
-18,50,0.644765
-16,50,0.759179
-14,50,0.87276
-12,50,0.98115
-10,50,1.08014
-8,50,1.16591
-6,50,1.23525
-4,50,1.28567
-2,50,1.31548
0,50,1.32379
2,50,1.31051
4,50,1.27629
6,50,1.22245
8,50,1.15102
10,50,1.0646
12,50,0.96636
14,50,0.859931
16,50,0.74923
18,50,0.638276
20,50,0.530955
22,50,0.430783
24,50,0.34071
26,50,0.262991
28,50,0.19914
30,50,0.14995
32,50,0.115575
34,50,0.0956235
36,50,0.089243
38,50,0.09518
40,50,0.111819
42,50,0.137212
44,50,0.16913
46,50,0.205143
48,50,0.242754
50,50,0.279568
52,50,0.313473
54,50,0.342808
56,50,0.366478
58,50,0.383994
60,50,0.395436
62,50,0.401348
64,50,0.402595
66,50,0.400203
68,50,0.395227
70,50,0.388639
72,50,0.381266
74,50,0.373765
76,50,0.366622
78,50,0.360178
80,50,0.354656
82,50,0.350196
84,50,0.346879
86,50,0.344747
88,50,0.343824
90,50,0.344117
92,50,0.345627
94,50,0.348343
96,50,0.35224
98,50,0.357271
100,50,0.363355
102,50,0.37036
104,50,0.378078
106,50,0.386206
108,50,0.394314
110,50,0.40183
112,50,0.408022
114,50,0.412017
116,50,0.412835
118,50,0.409465
120,50,0.400971
122,50,0.386626
124,50,0.366052
126,50,0.339353
128,50,0.307196
130,50,0.270837
132,50,0.232069
134,50,0.193096
136,50,0.156361
138,50,0.124347
140,50,0.0993922
142,50,0.0835582
144,50,0.0785534
146,50,0.0857237
148,50,0.106084
150,50,0.14036
152,50,0.188997
154,50,0.252121
156,50,0.329423
158,50,0.420011
160,50,0.522245
162,50,0.633627
164,50,0.750778
166,50,0.869547
168,50,0.985233
170,50,1.09291
172,50,1.18779
174,50,1.26558
176,50,1.32277
178,50,1.35687
180,50,1.36648
-180,52,1.0891
-178,52,1.07678
-176,52,1.04467
-174,52,0.994347
-172,52,0.928157
-170,52,0.849036
-168,52,0.760386
-166,52,0.66591
-164,52,0.569414
-162,52,0.474603
-160,52,0.384867
-158,52,0.303104
-156,52,0.231581
-154,52,0.171873
-152,52,0.124853
-150,52,0.0907556
-148,52,0.0692546
-146,52,0.0595619
-144,52,0.0605105
-142,52,0.0706253
-140,52,0.0881832
-138,52,0.111277
-136,52,0.137897
-134,52,0.166031
-132,52,0.193784
-130,52,0.219501
-128,52,0.241878
-126,52,0.260031
-124,52,0.273529
-122,52,0.28236
-120,52,0.286871
-118,52,0.287662
-116,52,0.28548
-114,52,0.28111
-112,52,0.275295
-110,52,0.268681
-108,52,0.261782
-106,52,0.254982
-104,52,0.248546
-102,52,0.242645
-100,52,0.237381
-98,52,0.232815
-96,52,0.228984
-94,52,0.225923
-92,52,0.223668
-90,52,0.222269
-88,52,0.221785
-86,52,0.222284
-84,52,0.223838
-82,52,0.22651
-80,52,0.230348
-78,52,0.235362
-76,52,0.241507
-74,52,0.248659
-72,52,0.256589
-70,52,0.264944
-68,52,0.273221
-66,52,0.280773
-64,52,0.286813
-62,52,0.290462
-60,52,0.290814
-58,52,0.28703
-56,52,0.278455
-54,52,0.264735
-52,52,0.245918
-50,52,0.222523
-48,52,0.195557
-46,52,0.166477
-44,52,0.137108
-42,52,0.109515
-40,52,0.0858713
-38,52,0.0683257
-36,52,0.0588837
-34,52,0.0593131
-32,52,0.0710627
-30,52,0.0951868
-28,52,0.132266
-26,52,0.182321
-24,52,0.24473
-22,52,0.318169
-20,52,0.400599
-18,52,0.489321
-16,52,0.58111
-14,52,0.672418
-12,52,0.759623
-10,52,0.839276
-8,52,0.908317
-6,52,0.964238
-4,52,1.00516
-2,52,1.02984
0,52,1.03765
2,52,1.0285
4,52,1.0028
6,52,0.961415
8,52,0.90568
10,52,0.83742
12,52,0.758968
14,52,0.673139
16,52,0.58315
18,52,0.492464
20,52,0.404558
22,52,0.322672
24,52,0.249574
26,52,0.187378
28,52,0.137462
30,52,0.100468
32,52,0.0763773
34,52,0.0646148
36,52,0.0641567
38,52,0.0736194
40,52,0.0913243
42,52,0.115353
44,52,0.143608
46,52,0.173905
48,52,0.204094
50,52,0.232206
52,52,0.25661
54,52,0.27614
56,52,0.290171
58,52,0.298622
60,52,0.301886
62,52,0.300715
64,52,0.296061
66,52,0.28894
68,52,0.280308
70,52,0.270985
72,52,0.261617
74,52,0.252677
76,52,0.244481
78,52,0.237228
80,52,0.231027
82,52,0.225936
84,52,0.221976
86,52,0.219157
88,52,0.217483
90,52,0.216958
92,52,0.21759
94,52,0.219387
96,52,0.222361
98,52,0.226515
100,52,0.231841
102,52,0.238306
104,52,0.245835
106,52,0.254287
108,52,0.263426
110,52,0.272891
112,52,0.282171
114,52,0.290587
116,52,0.297299
118,52,0.301349
120,52,0.301733
122,52,0.297519
124,52,0.287988
126,52,0.272777
128,52,0.252007
130,52,0.226355
132,52,0.197057
134,52,0.165834
136,52,0.134752
138,52,0.106042
140,52,0.0819114
142,52,0.0643842
144,52,0.055201
146,52,0.0557752
148,52,0.0672036
150,52,0.0903003
152,52,0.125617
154,52,0.173417
156,52,0.233592
158,52,0.305521
160,52,0.387924
162,52,0.478745
164,52,0.575124
166,52,0.673488
168,52,0.769762
170,52,0.859663
172,52,0.939042
174,52,1.0042
176,52,1.05217
178,52,1.08084
180,52,1.0891
-180,54,0.891315
-178,54,0.882158
-176,54,0.856544
-174,54,0.815716
-172,54,0.761525
-170,54,0.69635
-168,54,0.622992
-166,54,0.54455
-164,54,0.464249
-162,54,0.385259
-160,54,0.310503
-158,54,0.242486
-156,54,0.183175
-154,54,0.133927
-152,54,0.095487
-150,54,0.0680283
-148,54,0.0512175
-146,54,0.0442883
-144,54,0.0461091
-142,54,0.0552457
-140,54,0.0700265
-138,54,0.0886241
-136,54,0.109159
-134,54,0.129824
-132,54,0.149017
-130,54,0.165455
-128,54,0.178267
-126,54,0.187017
-124,54,0.191693
-122,54,0.192632
-120,54,0.190423
-118,54,0.185792
-116,54,0.179498
-114,54,0.172247
-112,54,0.164637
-110,54,0.157133
-108,54,0.15006
-106,54,0.143622
-104,54,0.137923
-102,54,0.132998
-100,54,0.128834
-98,54,0.125394
-96,54,0.122635
-94,54,0.120521
-92,54,0.119026
-90,54,0.118149
-88,54,0.117911
-86,54,0.118358
-84,54,0.119559
-82,54,0.121602
-80,54,0.124584
-78,54,0.128598
-76,54,0.133716
-74,54,0.139959
-72,54,0.147277
-70,54,0.155514
-68,54,0.16438
-66,54,0.173429
-64,54,0.182055
-62,54,0.189506
-60,54,0.194936
-58,54,0.197481
-56,54,0.196362
-54,54,0.191012
-52,54,0.181184
-50,54,0.167045
-48,54,0.149214
-46,54,0.128758
-44,54,0.107121
-42,54,0.0860234
-40,54,0.0673352
-38,54,0.0529468
-36,54,0.0446547
-34,54,0.0440665
-32,54,0.0525227
-30,54,0.0710257
-28,54,0.100166
-26,54,0.140045
-24,54,0.190192
-22,54,0.249513
-20,54,0.316278
-18,54,0.388182
-16,54,0.462482
-14,54,0.536201
-12,54,0.606364
-10,54,0.67023
-8,54,0.725469
-6,54,0.770268
-4,54,0.803355
-2,54,0.823947
0,54,0.831665
2,54,0.826435
4,54,0.808428
6,54,0.778038
8,54,0.735933
10,54,0.683138
12,54,0.621141
14,54,0.551956
16,54,0.478123
18,54,0.402597
20,54,0.328548
22,54,0.259082
24,54,0.196959
26,54,0.144348
28,54,0.102683
30,54,0.0726141
32,54,0.0540615
34,54,0.0463286
36,54,0.0482358
38,54,0.0582513
40,54,0.0746026
42,54,0.0953721
44,54,0.118587
46,54,0.142314
48,54,0.164772
50,54,0.184441
52,54,0.200178
54,54,0.21129
56,54,0.217559
58,54,0.219216
60,54,0.216843
62,54,0.211258
64,54,0.203371
66,54,0.194071
68,54,0.184135
70,54,0.174184
72,54,0.164671
74,54,0.155894
76,54,0.14803
78,54,0.141167
80,54,0.135336
82,54,0.130534
84,54,0.126744
86,54,0.123949
88,54,0.122133
90,54,0.121291
92,54,0.121426
94,54,0.122552
96,54,0.124691
98,54,0.127873
100,54,0.13213
102,54,0.137487
104,54,0.143955
106,54,0.151508
108,54,0.160065
110,54,0.169457
112,54,0.179393
114,54,0.189429
116,54,0.198953
118,54,0.207182
120,54,0.213206
122,54,0.216063
124,54,0.214862
126,54,0.208923
128,54,0.197927
130,54,0.18203
132,54,0.161926
134,54,0.138834
136,54,0.114409
138,54,0.090595
140,54,0.0694447
142,54,0.0529445
144,54,0.0428743
146,54,0.0407207
148,54,0.047647
150,54,0.0645015
152,54,0.0918366
154,54,0.129905
156,54,0.178609
158,54,0.237409
160,54,0.305208
162,54,0.380263
164,54,0.46016
166,54,0.541897
168,54,0.622056
170,54,0.697059
172,54,0.763453
174,54,0.818174
176,54,0.858756
178,54,0.883455
180,54,0.891315
-180,56,0.750325
-178,56,0.7442
-176,56,0.724321
-174,56,0.691581
-172,56,0.647381
-170,56,0.593586
-168,56,0.532458
-166,56,0.466555
-164,56,0.398606
-162,56,0.331346
-160,56,0.267348
-158,56,0.208863
-156,56,0.157699
-154,56,0.115144
-152,56,0.0819429
-150,56,0.0583068
-148,56,0.0439548
-146,56,0.0381606
-144,56,0.0398102
-142,56,0.0474688
-140,56,0.0594685
-138,56,0.0740219
-136,56,0.0893584
-134,56,0.103871
-132,56,0.116248
-130,56,0.125572
-128,56,0.13136
-126,56,0.133547
-124,56,0.132423
-122,56,0.128525
-120,56,0.122532
-118,56,0.115155
-116,56,0.107058
-114,56,0.0988023
-112,56,0.0908247
-110,56,0.0834311
-108,56,0.0768106
-106,56,0.0710565
-104,56,0.0661891
-102,56,0.0621773
-100,56,0.0589569
-98,56,0.0564458
-96,56,0.0545566
-94,56,0.0532065
-92,56,0.0523272
-90,56,0.0518732
-88,56,0.0518289
-86,56,0.052214
-84,56,0.0530852
-82,56,0.0545358
-80,56,0.0566884
-78,56,0.0596843
-76,56,0.0636656
-74,56,0.0687522
-72,56,0.0750128
-70,56,0.0824317
-68,56,0.0908752
-66,56,0.100061
-64,56,0.109541
-62,56,0.118702
-60,56,0.126793
-58,56,0.132994
-56,56,0.136499
-54,56,0.136638
-52,56,0.132988
-50,56,0.125477
-48,56,0.114439
-46,56,0.100635
-44,56,0.0851992
-42,56,0.0695641
-40,56,0.0553396
-38,56,0.0441935
-36,56,0.0377367
-34,56,0.0374253
-32,56,0.0444803
-30,56,0.0598175
-28,56,0.0839787
-26,56,0.117061
-24,56,0.158648
-22,56,0.207768
-20,56,0.262892
-18,56,0.322006
-16,56,0.382756
-14,56,0.442647
-12,56,0.499276
-10,56,0.550525
-8,56,0.594708
-6,56,0.630621
-4,56,0.657512
-2,56,0.674981
0,56,0.682853
2,56,0.681059
4,56,0.669566
6,56,0.648372
8,56,0.617583
10,56,0.577544
12,56,0.529005
14,56,0.473265
16,56,0.412234
18,56,0.348391
20,56,0.284613
22,56,0.223899
24,56,0.169057
26,56,0.122394
28,56,0.0855066
30,56,0.0591684
32,56,0.0433454
34,56,0.0372964
36,56,0.0397297
38,56,0.0489779
40,56,0.0631653
42,56,0.0803552
44,56,0.098675
46,56,0.116422
48,56,0.132156
50,56,0.144775
52,56,0.153572
54,56,0.158253
56,56,0.158923
58,56,0.156016
60,56,0.150201
62,56,0.142267
64,56,0.133012
66,56,0.123158
68,56,0.113295
70,56,0.103865
72,56,0.0951627
74,56,0.0873617
76,56,0.0805408
78,56,0.0747139
80,56,0.0698547
82,56,0.0659159
84,56,0.0628434
86,56,0.0605865
88,56,0.0591047
90,56,0.0583726
92,56,0.0583825
94,56,0.0591454
96,56,0.0606898
98,56,0.0630594
100,56,0.0663092
102,56,0.0704998
104,56,0.0756891
106,56,0.0819215
108,56,0.089211
110,56,0.0975188
112,56,0.106724
114,56,0.116589
116,56,0.126727
118,56,0.13658
120,56,0.145423
122,56,0.152398
124,56,0.156597
126,56,0.157184
128,56,0.153541
130,56,0.145409
132,56,0.133005
134,56,0.117069
136,56,0.0988417
138,56,0.0799643
140,56,0.0623234
142,56,0.0478656
144,56,0.0384183
146,56,0.0355482
148,56,0.0404743
150,56,0.0540388
152,56,0.0767181
154,56,0.108645
156,56,0.14961
158,56,0.199034
160,56,0.255906
162,56,0.318728
164,56,0.385498
166,56,0.453764
168,56,0.520751
170,56,0.58356
172,56,0.639384
174,56,0.685722
176,56,0.720535
178,56,0.742355
180,56,0.750325
-180,58,0.638046
-178,58,0.634684
-176,58,0.6199
-174,58,0.594275
-172,58,0.558807
-170,58,0.514891
-168,58,0.464286
-166,58,0.409053
-164,58,0.351464
-162,58,0.293867
-160,58,0.238549
-158,58,0.187583
-156,58,0.142706
-154,58,0.105226
-152,58,0.0759661
-150,58,0.0552353
-148,58,0.0428302
-146,58,0.0380586
-144,58,0.0397911
-142,58,0.0465483
-140,58,0.0566268
-138,58,0.0682574
-136,58,0.0797783
-134,58,0.0897942
-132,58,0.0972938
-130,58,0.101705
-128,58,0.102882
-126,58,0.101039
-124,58,0.0966443
-122,58,0.0903065
-120,58,0.0826751
-118,58,0.0743609
-116,58,0.0658874
-114,58,0.0576689
-112,58,0.0500077
-110,58,0.0431043
-108,58,0.0370732
-106,58,0.0319594
-104,58,0.0277539
-102,58,0.0244069
-100,58,0.0218385
-98,58,0.0199496
-96,58,0.0186312
-94,58,0.017776
-92,58,0.0172886
-90,58,0.0170973
-88,58,0.0171634
-86,58,0.0174895
-84,58,0.0181239
-82,58,0.0191599
-80,58,0.0207316
-78,58,0.0230018
-76,58,0.0261461
-74,58,0.0303293
-72,58,0.0356778
-70,58,0.0422476
-68,58,0.0499911
-66,58,0.0587265
-64,58,0.0681166
-62,58,0.0776628
-60,58,0.0867236
-58,58,0.0945599
-56,58,0.100411
-54,58,0.10359
-52,58,0.103597
-50,58,0.100209
-48,58,0.0935624
-46,58,0.0841789
-44,58,0.0729496
-42,58,0.0610724
-40,58,0.0499539
-38,58,0.0410915
-36,58,0.0359536
-34,58,0.0358706
-32,58,0.0419437
-30,58,0.0549721
-28,58,0.0753921
-26,58,0.103225
-24,58,0.138036
-22,58,0.178915
-20,58,0.224499
-18,58,0.273052
-16,58,0.322604
-14,58,0.371134
-12,58,0.416765
-10,58,0.457921
-8,58,0.493425
-6,58,0.522515
-4,58,0.54477
-2,58,0.560003
0,58,0.568119
2,58,0.569004
4,58,0.562464
6,58,0.548229
8,58,0.526047
10,58,0.49583
12,58,0.45784
14,58,0.412864
16,58,0.362319
18,58,0.308256
20,58,0.253228
22,58,0.200043
24,58,0.151447
26,58,0.109801
28,58,0.0768121
30,58,0.0533788
32,58,0.0395499
34,58,0.034601
36,58,0.037193
38,58,0.0455788
40,58,0.0578198
42,58,0.0719846
44,58,0.0863081
46,58,0.0993072
48,58,0.109853
50,58,0.117205
52,58,0.121016
54,58,0.1213
56,58,0.118374
58,58,0.112781
60,58,0.105191
62,58,0.0963078
64,58,0.0867952
66,58,0.0772189
68,58,0.0680217
70,58,0.0595179
72,58,0.0519043
74,58,0.0452793
76,58,0.039665
78,58,0.0350283
80,58,0.0313001
82,58,0.0283921
84,58,0.0262111
86,58,0.0246707
88,58,0.0237013
90,58,0.0232568
92,58,0.0233182
94,58,0.0238953
96,58,0.0250246
98,58,0.026765
100,58,0.0291917
102,58,0.0323893
104,58,0.0364438
106,58,0.0414333
108,58,0.0474178
110,58,0.0544241
112,58,0.0624259
114,58,0.0713178
116,58,0.0808831
118,58,0.0907634
120,58,0.100437
122,58,0.109223
124,58,0.116318
126,58,0.120878
128,58,0.122142
130,58,0.119578
132,58,0.113022
134,58,0.102787
136,58,0.0897066
138,58,0.0750982
140,58,0.0606467
142,58,0.0482258
144,58,0.0396888
146,58,0.0366683
148,58,0.0404254
150,58,0.0517722
152,58,0.0710716
154,58,0.0982884
156,58,0.133055
158,58,0.174715
160,58,0.222323
162,58,0.274622
164,58,0.330015
166,58,0.386583
168,58,0.442155
170,58,0.494442
172,58,0.541201
174,58,0.580402
176,58,0.610363
178,58,0.629837
180,58,0.638046
-180,60,0.530374
-178,60,0.529627
-176,60,0.519745
-174,60,0.50099
-172,60,0.473951
-170,60,0.439556
-168,60,0.399072
-166,60,0.354086
-164,60,0.306436
-162,60,0.258119
-160,60,0.211161
-158,60,0.167488
-156,60,0.128794
-154,60,0.0964328
-152,60,0.0713233
-150,60,0.0538801
-148,60,0.0439738
-146,60,0.0409295
-144,60,0.0435815
-142,60,0.0503885
-140,60,0.0596076
-138,60,0.0695003
-136,60,0.0785365
-134,60,0.0855525
-132,60,0.0898359
-130,60,0.0911274
-128,60,0.0895521
-126,60,0.0855083
-124,60,0.0795459
-122,60,0.0722597
-120,60,0.0642127
-118,60,0.0558915
-116,60,0.047689
-114,60,0.0399044
-112,60,0.0327533
-110,60,0.0263795
-108,60,0.0208654
-106,60,0.0162412
-104,60,0.0124919
-102,60,0.00956407
-100,60,0.00737411
-98,60,0.00581708
-96,60,0.0047776
-94,60,0.00414152
-92,60,0.00380801
-90,60,0.00370107
-88,60,0.00377956
-86,60,0.00404464
-84,60,0.00454382
-82,60,0.00537053
-80,60,0.00665871
-78,60,0.00857183
-76,60,0.0112864
-74,60,0.0149702
-72,60,0.0197566
-70,60,0.0257163
-68,60,0.0328291
-66,60,0.0409588
-64,60,0.0498363
-62,60,0.0590537
-60,60,0.0680759
-58,60,0.0762721
-56,60,0.0829697
-54,60,0.0875281
-52,60,0.0894262
-50,60,0.0883527
-48,60,0.0842854
-46,60,0.0775446
-44,60,0.0688074
-42,60,0.0590768
-40,60,0.0496038
-38,60,0.0417729
-36,60,0.0369675
-34,60,0.0364356
-32,60,0.041175
-30,60,0.051851
-28,60,0.0687481
-26,60,0.0917517
-24,60,0.120353
-22,60,0.153673
-20,60,0.190519
-18,60,0.229464
-16,60,0.268964
-14,60,0.307498
-12,60,0.343697
-10,60,0.376448
-8,60,0.404946
-6,60,0.428673
-4,60,0.447336
-2,60,0.46076
0,60,0.468791
2,60,0.47121
4,60,0.467706
6,60,0.457895
8,60,0.441409
10,60,0.418029
12,60,0.387844
14,60,0.35141
16,60,0.309846
18,60,0.264854
20,60,0.21862
22,60,0.173614
24,60,0.132312
26,60,0.0969007
28,60,0.0690135
30,60,0.0495465
32,60,0.0385824
34,60,0.0354288
36,60,0.0387604
38,60,0.0468341
40,60,0.0577363
42,60,0.0696176
44,60,0.0808778
46,60,0.0902826
48,60,0.0970113
50,60,0.100649
52,60,0.101137
54,60,0.0987063
56,60,0.0937925
58,60,0.0869523
60,60,0.0787879
62,60,0.0698841
64,60,0.0607643
66,60,0.0518648
68,60,0.043524
70,60,0.0359815
72,60,0.0293847
74,60,0.0237984
76,60,0.0192175
78,60,0.0155823
80,60,0.0127948
82,60,0.0107365
84,60,0.00928438
86,60,0.0083264
88,60,0.00777278
90,60,0.00756462
92,60,0.0076783
94,60,0.00812615
96,60,0.00895358
98,60,0.0102332
100,60,0.0120567
102,60,0.0145256
104,60,0.017741
106,60,0.0217942
108,60,0.0267574
110,60,0.0326742
112,60,0.0395486
114,60,0.0473305
116,60,0.055896
118,60,0.0650223
120,60,0.0743625
122,60,0.0834272
124,60,0.0915878
126,60,0.0981124
128,60,0.102245
130,60,0.103323
132,60,0.100923
134,60,0.0950016
136,60,0.0859993
138,60,0.074876
140,60,0.0630545
142,60,0.0522706
144,60,0.04435
146,60,0.04096
148,60,0.0433923
150,60,0.0524305
152,60,0.068328
154,60,0.0908835
156,60,0.119567
158,60,0.153636
160,60,0.192202
162,60,0.234232
164,60,0.278518
166,60,0.323649
168,60,0.368033
170,60,0.409972
172,60,0.447773
174,60,0.479879
176,60,0.504972
178,60,0.522033
180,60,0.530374
-180,62,0.418001
-178,62,0.419585
-176,62,0.414353
-174,62,0.402233
-172,62,0.383397
-170,62,0.358317
-168,62,0.327803
-166,62,0.293006
-164,62,0.255381
-162,62,0.2166
-160,62,0.178446
-158,62,0.142681
-156,62,0.110924
-154,62,0.0845228
-152,62,0.0644423
-150,62,0.0511574
-148,62,0.0445815
-146,62,0.0440467
-144,62,0.0483606
-142,62,0.0559506
-140,62,0.0650776
-138,62,0.0740808
-136,62,0.0815957
-134,62,0.0866992
-132,62,0.088954
-130,62,0.088359
-128,62,0.0852352
-126,62,0.0800898
-124,62,0.0734922
-122,62,0.0659855
-120,62,0.0580389
-118,62,0.0500318
-116,62,0.04226
-114,62,0.0349483
-112,62,0.0282641
-110,62,0.0223241
-108,62,0.0171986
-106,62,0.0129122
-104,62,0.00944654
-102,62,0.00674534
-100,62,0.00472305
-98,62,0.00327589
-96,62,0.00229397
-94,62,0.00167323
-92,62,0.00132619
-90,62,0.001191
-88,62,0.0012386
-86,62,0.00147766
-84,62,0.00195687
-82,62,0.00276388
-80,62,0.00402007
-78,62,0.00587068
-76,62,0.00846979
-74,62,0.0119609
-72,62,0.0164547
-70,62,0.0220053
-68,62,0.0285892
-66,62,0.0360883
-64,62,0.0442796
-62,62,0.0528338
-60,62,0.0613227
-58,62,0.0692379
-56,62,0.0760213
-54,62,0.0811099
-52,62,0.0839953
-50,62,0.0842973
-48,62,0.0818454
-46,62,0.0767549
-44,62,0.0694819
-42,62,0.0608351
-40,62,0.0519297
-38,62,0.0440798
-36,62,0.0386429
-34,62,0.0368472
-32,62,0.0396371
-30,62,0.0475701
-28,62,0.060779
-26,62,0.0789946
-24,62,0.101609
-22,62,0.12776
-20,62,0.156417
-18,62,0.186465
-16,62,0.216788
-14,62,0.246345
-12,62,0.274227
-10,62,0.299697
-8,62,0.322194
-6,62,0.3413
-4,62,0.356695
-2,62,0.368094
0,62,0.3752
2,62,0.377684
4,62,0.375184
6,62,0.367356
8,62,0.353934
10,62,0.334829
12,62,0.310225
14,62,0.280675
16,62,0.247163
18,62,0.211103
20,62,0.174276
22,62,0.138679
24,62,0.106322
26,62,0.0789956
28,62,0.0580521
30,62,0.0442258
32,62,0.0375373
34,62,0.0372975
36,62,0.042222
38,62,0.0506385
40,62,0.0607463
42,62,0.070871
44,62,0.0796594
46,62,0.0861856
48,62,0.0899646
50,62,0.0908967
52,62,0.0891733
54,62,0.0851734
56,62,0.0793723
58,62,0.072271
60,62,0.0643506
62,62,0.0560473
64,62,0.0477418
66,62,0.0397559
68,62,0.0323497
70,62,0.0257179
72,62,0.0199855
74,62,0.0152072
76,62,0.0113713
78,62,0.00841081
80,62,0.00621921
82,62,0.0046689
84,62,0.00362951
86,62,0.00298368
88,62,0.0026391
90,62,0.0025365
92,62,0.0026536
94,62,0.00300551
96,62,0.00364176
98,62,0.00464052
100,62,0.00610009
102,62,0.00812831
104,62,0.0108306
106,62,0.0142982
108,62,0.0185967
110,62,0.0237586
112,62,0.0297775
114,62,0.0366049
116,62,0.0441454
118,62,0.0522483
120,62,0.0606909
122,62,0.0691567
124,62,0.0772154
126,62,0.0843177
128,62,0.089822
130,62,0.0930649
132,62,0.0934788
134,62,0.0907413
136,62,0.0849247
138,62,0.0766038
140,62,0.0668751
142,62,0.0572615
144,62,0.0495022
146,62,0.0452726
148,62,0.0459044
150,62,0.0521889
152,62,0.0643162
154,62,0.0819553
156,62,0.104425
158,62,0.13088
160,62,0.160439
162,62,0.19223
164,62,0.225368
166,62,0.258906
168,62,0.291815
170,62,0.323002
172,62,0.351368
174,62,0.375882
176,62,0.395635
178,62,0.409873
180,62,0.418001
-180,64,0.307559
-178,64,0.310617
-176,64,0.308992
-174,64,0.302339
-172,64,0.290497
-170,64,0.273578
-168,64,0.252032
-166,64,0.226664
-164,64,0.198607
-162,64,0.169242
-160,64,0.140091
-158,64,0.112703
-156,64,0.0885313
-154,64,0.0688165
-152,64,0.054464
-150,64,0.0459286
-148,64,0.0431234
-146,64,0.0453879
-144,64,0.0515467
-142,64,0.0600673
-140,64,0.0692965
-138,64,0.0777183
-136,64,0.0841706
-134,64,0.0879664
-132,64,0.0889012
-130,64,0.0871658
-128,64,0.0832057
-126,64,0.0775761
-124,64,0.0708277
-122,64,0.0634401
-120,64,0.0557985
-118,64,0.0482002
-116,64,0.040875
-114,64,0.0340033
-112,64,0.0277271
-110,64,0.0221513
-108,64,0.0173402
-106,64,0.0133143
-104,64,0.0100513
-102,64,0.00749205
-100,64,0.00555225
-98,64,0.00413511
-96,64,0.0031441
-94,64,0.00249324
-92,64,0.00211489
-90,64,0.001965
-88,64,0.00202681
-86,64,0.00231308
-84,64,0.00286709
-82,64,0.00376167
-80,64,0.00509529
-78,64,0.00698429
-76,64,0.00955068
-74,64,0.0129059
-72,64,0.017132
-70,64,0.0222635
-68,64,0.0282712
-66,64,0.0350536
-64,64,0.0424327
-62,64,0.0501568
-60,64,0.0579058
-58,64,0.0652983
-56,64,0.0719004
-54,64,0.0772412
-52,64,0.0808406
-50,64,0.0822599
-48,64,0.0811774
-46,64,0.0774843
-44,64,0.0713817
-42,64,0.0634465
-40,64,0.0546324
-38,64,0.0461843
-36,64,0.0394694
-34,64,0.0357614
-32,64,0.0360346
-30,64,0.0408235
-28,64,0.0501808
-26,64,0.0637319
-24,64,0.0807932
-22,64,0.100511
-20,64,0.121985
-18,64,0.144352
-16,64,0.16684
-14,64,0.188784
-12,64,0.209624
-10,64,0.228884
-8,64,0.246144
-6,64,0.261008
-4,64,0.273077
-2,64,0.281935
0,64,0.287169
2,64,0.288393
4,64,0.285296
6,64,0.27769
8,64,0.265556
10,64,0.249071
12,64,0.22864
14,64,0.20491
16,64,0.178783
18,64,0.1514
20,64,0.124106
22,64,0.0983628
24,64,0.0756314
26,64,0.0572153
28,64,0.0440909
30,64,0.0367495
32,64,0.0350858
34,64,0.0383746
36,64,0.0453608
38,64,0.0544597
40,64,0.0640256
42,64,0.0726169
44,64,0.0791894
46,64,0.083176
48,64,0.0844546
50,64,0.0832381
52,64,0.0799358
54,64,0.0750275
56,64,0.068976
58,64,0.0621823
60,64,0.0549784
62,64,0.0476403
64,64,0.0404075
66,64,0.0334956
68,64,0.0270963
70,64,0.0213681
72,64,0.0164215
74,64,0.0123094
76,64,0.00902455
78,64,0.00650746
80,64,0.00466122
82,64,0.00336963
84,64,0.00251479
86,64,0.00199164
88,64,0.00171839
90,64,0.00164311
92,64,0.001747
94,64,0.00204509
96,64,0.00258457
98,64,0.0034405
100,64,0.00470876
102,64,0.00649566
104,64,0.00890468
106,64,0.0120215
108,64,0.0158998
110,64,0.0205512
112,64,0.0259419
114,64,0.0319974
116,64,0.0386125
118,64,0.0456611
120,64,0.0529967
122,64,0.0604381
124,64,0.0677397
126,64,0.0745566
128,64,0.0804217
130,64,0.0847603
132,64,0.0869609
134,64,0.0865055
136,64,0.0831439
138,64,0.0770627
140,64,0.0689899
142,64,0.060176
144,64,0.0522253
146,64,0.0468048
148,64,0.0453112
150,64,0.0486016
152,64,0.0568747
154,64,0.0697314
156,64,0.0863706
158,64,0.105831
160,64,0.127187
162,64,0.149649
164,64,0.172566
166,64,0.195377
168,64,0.21755
170,64,0.238553
172,64,0.257849
174,64,0.274907
176,64,0.289212
178,64,0.300262
180,64,0.307559
-180,66,0.211883
-178,66,0.215083
-176,66,0.215252
-174,66,0.211945
-172,66,0.204856
-170,66,0.193911
-168,66,0.179346
-166,66,0.161726
-164,66,0.14192
-162,66,0.121031
-160,66,0.10029
-158,66,0.0809653
-156,66,0.0642513
-154,66,0.0511742
-152,66,0.0424814
-150,66,0.0385295
-148,66,0.0391929
-146,66,0.0438279
-144,66,0.0513299
-142,66,0.0602914
-140,66,0.0692359
-138,66,0.0768657
-136,66,0.0822566
-134,66,0.08495
-132,66,0.0849299
-130,66,0.0825127
-128,66,0.0781989
-126,66,0.072535
-124,66,0.0660178
-122,66,0.0590502
-120,66,0.051939
-118,66,0.0449174
-116,66,0.0381704
-114,66,0.0318533
-112,66,0.0260963
-110,66,0.0209992
-108,66,0.0166226
-106,66,0.0129827
-104,66,0.0100524
-102,66,0.00777031
-100,66,0.00605375
-98,66,0.00481229
-96,66,0.00395947
-94,66,0.00342102
-92,66,0.00313991
-90,66,0.00307921
-88,66,0.0032238
-86,66,0.00358156
-84,66,0.00418414
-82,66,0.00508665
-80,66,0.00636522
-78,66,0.00811145
-76,66,0.0104229
-74,66,0.0133898
-72,66,0.0170798
-70,66,0.0215227
-68,66,0.0266993
-66,66,0.0325364
-64,66,0.0389081
-62,66,0.0456407
-60,66,0.0525172
-58,66,0.0592759
-56,66,0.0656036
-54,66,0.071125
-52,66,0.0754019
-50,66,0.0779564
-48,66,0.0783312
-46,66,0.0761929
-44,66,0.0714622
-42,66,0.064435
-40,66,0.0558431
-38,66,0.0468122
-36,66,0.0387023
-34,66,0.0328644
-32,66,0.0303812
-30,66,0.0318755
-28,66,0.0374403
-26,66,0.0466985
-24,66,0.0589543
-22,66,0.0733736
-20,66,0.089138
-18,66,0.10554
-16,66,0.122013
-14,66,0.138118
-12,66,0.153495
-10,66,0.167811
-8,66,0.180716
-6,66,0.191808
-4,66,0.200639
-2,66,0.206736
0,66,0.209656
2,66,0.209051
4,66,0.204733
6,66,0.196723
8,66,0.185258
10,66,0.170781
12,66,0.15389
14,66,0.135298
16,66,0.115798
18,66,0.0962469
20,66,0.0775607
22,66,0.0606956
24,66,0.0466055
26,66,0.0361556
28,66,0.0299938
30,66,0.0284005
32,66,0.0311605
34,66,0.0375125
36,66,0.0462225
38,66,0.0557861
40,66,0.0647116
42,66,0.071797
44,66,0.0763133
46,66,0.0780486
48,66,0.0772211
50,66,0.0743145
52,66,0.0699036
54,66,0.0645188
56,66,0.0585751
58,66,0.0523608
60,66,0.046066
62,66,0.0398272
64,66,0.0337662
66,66,0.0280112
68,66,0.0226958
70,66,0.0179442
72,66,0.0138496
74,66,0.010459
76,66,0.00776728
78,66,0.00572268
80,66,0.00424042
82,66,0.00321909
84,66,0.00255635
86,66,0.00216138
88,66,0.00196358
90,66,0.00191798
92,66,0.00200831
94,66,0.00224831
96,66,0.00268147
98,66,0.00337869
100,66,0.00443308
102,66,0.00595066
104,66,0.00803661
106,66,0.0107778
108,66,0.0142245
110,66,0.0183762
112,66,0.0231763
114,66,0.0285209
116,66,0.0342792
118,66,0.0403189
120,66,0.0465261
122,66,0.0528043
124,66,0.0590477
126,66,0.0650906
128,66,0.0706494
130,66,0.075287
132,66,0.0784291
134,66,0.0794585
136,66,0.0778849
138,66,0.0735549
140,66,0.0668319
142,66,0.0586633
144,66,0.0504748
146,66,0.0438947
148,66,0.0403848
150,66,0.0409041
152,66,0.0457235
154,66,0.0544493
156,66,0.0662237
158,66,0.0800068
160,66,0.0948301
162,66,0.109946
164,66,0.124858
166,66,0.139275
168,66,0.153021
170,66,0.165962
172,66,0.177957
174,66,0.188825
176,66,0.198326
178,66,0.206143
180,66,0.211883
-180,68,0.139363
-178,68,0.141518
-176,68,0.141736
-174,68,0.139653
-172,68,0.135003
-170,68,0.127697
-168,68,0.117879
-166,68,0.105952
-164,68,0.0925574
-162,68,0.0785188
-160,68,0.0647641
-158,68,0.0522461
-156,68,0.0418659
-154,68,0.034392
-152,68,0.0303688
-150,68,0.0300183
-148,68,0.0331573
-146,68,0.0391681
-144,68,0.0470562
-142,68,0.0556011
-140,68,0.0635713
-138,68,0.069942
-136,68,0.0740528
-134,68,0.0756626
-132,68,0.0749009
-130,68,0.0721482
-128,68,0.0678952
-126,68,0.0626254
-124,68,0.0567466
-122,68,0.0505712
-120,68,0.0443323
-118,68,0.0382126
-116,68,0.0323696
-114,68,0.0269461
-112,68,0.0220667
-110,68,0.0178249
-108,68,0.0142719
-106,68,0.0114114
-104,68,0.00920352
-102,68,0.00757639
-100,68,0.00644013
-98,68,0.00570047
-96,68,0.00526905
-94,68,0.00507001
-92,68,0.00504373
-90,68,0.00514898
-88,68,0.00536439
-86,68,0.00568974
-84,68,0.00614699
-82,68,0.00678047
-80,68,0.00765546
-78,68,0.00885405
-76,68,0.0104675
-74,68,0.0125854
-72,68,0.0152821
-70,68,0.0186037
-68,68,0.0225586
-66,68,0.0271142
-64,68,0.0322001
-62,68,0.0377147
-60,68,0.0435298
-58,68,0.049486
-56,68,0.0553756
-54,68,0.0609167
-52,68,0.0657288
-50,68,0.0693289
-48,68,0.0711698
-46,68,0.0707352
-44,68,0.0676849
-42,68,0.0620177
-40,68,0.054192
-38,68,0.0451423
-36,68,0.0361545
-34,68,0.028622
-32,68,0.0237506
-30,68,0.0223155
-28,68,0.0245458
-26,68,0.0301625
-24,68,0.0385342
-22,68,0.0488781
-20,68,0.0604351
-18,68,0.0725747
-16,68,0.0848242
-14,68,0.0968368
-12,68,0.108331
-10,68,0.119028
-8,68,0.128604
-6,68,0.136671
-4,68,0.142791
-2,68,0.146521
0,68,0.147474
2,68,0.145401
4,68,0.140248
6,68,0.132202
8,68,0.121676
10,68,0.109267
12,68,0.0956613
14,68,0.08156
16,68,0.0676147
18,68,0.0544145
20,68,0.0425081
22,68,0.0324405
24,68,0.0247696
26,68,0.0200342
28,68,0.0186572
30,68,0.0207994
32,68,0.0262122
34,68,0.0341607
36,68,0.0434784
38,68,0.0527688
40,68,0.0606988
42,68,0.0662819
44,68,0.0690501
46,68,0.0690636
48,68,0.066778
50,68,0.0628418
52,68,0.0579035
54,68,0.0524845
56,68,0.0469318
58,68,0.0414377
60,68,0.036093
62,68,0.0309479
64,68,0.0260554
66,68,0.0214915
68,68,0.0173497
70,68,0.0137223
72,68,0.0106769
74,68,0.00824024
76,68,0.00639304
78,68,0.00507555
80,68,0.00420054
82,68,0.0036684
84,68,0.00338105
86,68,0.00325265
88,68,0.00321701
90,68,0.00323225
92,68,0.00328362
94,68,0.00338499
96,68,0.00357928
98,68,0.0039374
100,68,0.00455468
102,68,0.00554339
104,68,0.00701992
106,68,0.0090866
108,68,0.0118102
110,68,0.0152024
112,68,0.0192097
114,68,0.0237188
116,68,0.02858
118,68,0.0336421
120,68,0.0387863
122,68,0.0439429
124,68,0.0490759
126,68,0.0541343
128,68,0.0589799
130,68,0.0633189
132,68,0.0666732
134,68,0.0684292
136,68,0.0679796
138,68,0.0649413
140,68,0.0593807
142,68,0.0519522
144,68,0.0438613
146,68,0.0366296
148,68,0.031722
150,68,0.0301724
152,68,0.0323459
154,68,0.0379223
156,68,0.0460812
158,68,0.0557961
160,68,0.0661134
162,68,0.0763294
164,68,0.0860391
166,68,0.095085
168,68,0.103461
170,68,0.111214
172,68,0.118378
174,68,0.124925
176,68,0.13075
178,68,0.135657
180,68,0.139363
-180,70,0.0906403
-178,70,0.0912695
-176,70,0.0906399
-174,70,0.0885621
-172,70,0.0848969
-170,70,0.0796035
-168,70,0.0727834
-166,70,0.0647074
-164,70,0.0558125
-162,70,0.0466702
-160,70,0.0379361
-158,70,0.0302918
-156,70,0.0243849
-154,70,0.0207615
-152,70,0.0197871
-150,70,0.021562
-148,70,0.0258528
-146,70,0.032077
-144,70,0.0393662
-142,70,0.0467081
-140,70,0.0531361
-138,70,0.0579068
-136,70,0.0606125
-134,70,0.0611982
-132,70,0.0598922
-130,70,0.0570865
-128,70,0.0532156
-126,70,0.0486685
-124,70,0.0437507
-122,70,0.0386882
-120,70,0.033654
-118,70,0.0287974
-116,70,0.0242602
-114,70,0.020176
-112,70,0.0166563
-110,70,0.013774
-108,70,0.0115518
-106,70,0.00996131
-104,70,0.00893205
-102,70,0.00836643
-100,70,0.00815565
-98,70,0.00819287
-96,70,0.00838197
-94,70,0.00864232
-92,70,0.00891114
-90,70,0.00914459
-88,70,0.00931876
-86,70,0.00943074
-84,70,0.00949973
-82,70,0.00956777
-80,70,0.00969927
-78,70,0.00997846
-76,70,0.0105036
-74,70,0.0113779
-72,70,0.0126969
-70,70,0.0145363
-68,70,0.016942
-66,70,0.019926
-64,70,0.0234697
-62,70,0.0275314
-60,70,0.032052
-58,70,0.0369511
-56,70,0.0421086
-54,70,0.0473301
-52,70,0.0523083
-50,70,0.0565961
-48,70,0.0596195
-46,70,0.0607533
-44,70,0.0594646
-42,70,0.0554976
-40,70,0.0490399
-38,70,0.0407941
-36,70,0.0318989
-34,70,0.0237053
-32,70,0.0174712
-30,70,0.0140864
-28,70,0.0139198
-26,70,0.0168279
-24,70,0.0222971
-22,70,0.0296413
-20,70,0.0381799
-18,70,0.0473455
-16,70,0.0567115
-14,70,0.0659621
-12,70,0.0748336
-10,70,0.083059
-8,70,0.0903313
-6,70,0.0962949
-4,70,0.100565
-2,70,0.10277
0,70,0.10261
2,70,0.0999262
4,70,0.0947564
6,70,0.0873669
8,70,0.0782379
10,70,0.0679994
12,70,0.0573322
14,70,0.0468662
16,70,0.0371122
18,70,0.0284473
20,70,0.0211544
22,70,0.0154879
24,70,0.0117287
26,70,0.0101899
28,70,0.0111499
30,70,0.0147209
32,70,0.0206971
34,70,0.0284577
36,70,0.0369974
38,70,0.0451056
40,70,0.0516448
42,70,0.0558208
44,70,0.0573389
46,70,0.0563939
48,70,0.0535213
50,70,0.0493888
52,70,0.0446122
54,70,0.0396491
56,70,0.0347761
58,70,0.0301262
60,70,0.0257506
62,70,0.0216757
64,70,0.0179387
66,70,0.0145983
68,70,0.0117235
70,70,0.00937348
72,70,0.00757785
74,70,0.00632512
76,70,0.00556261
78,70,0.00520529
80,70,0.00514955
82,70,0.00528739
84,70,0.0055182
86,70,0.00575718
88,70,0.00594063
90,70,0.00602901
92,70,0.00600866
94,70,0.0058929
96,70,0.00572276
98,70,0.00556707
100,70,0.00552125
102,70,0.00570293
104,70,0.00624242
106,70,0.00726652
108,70,0.00887646
110,70,0.0111243
112,70,0.0139949
114,70,0.0174033
116,70,0.0212103
118,70,0.0252565
120,70,0.0294028
122,70,0.0335593
124,70,0.0376888
126,70,0.0417738
128,70,0.0457516
130,70,0.0494381
132,70,0.0524732
134,70,0.054329
136,70,0.0544116
138,70,0.0522534
140,70,0.0477429
142,70,0.0412977
144,70,0.033883
146,70,0.0268289
148,70,0.021494
150,70,0.0188984
152,70,0.0194705
154,70,0.023
156,70,0.0287911
158,70,0.0359305
160,70,0.0435522
162,70,0.051012
164,70,0.0579402
166,70,0.0642
168,70,0.0697977
170,70,0.0747925
172,70,0.0792322
174,70,0.0831181
176,70,0.0863949
178,70,0.0889535
180,70,0.0906403
-180,72,0.0616219
-178,72,0.0609558
-176,72,0.0594845
-174,72,0.0571674
-172,72,0.0539624
-170,72,0.0498526
-168,72,0.0448876
-166,72,0.039219
-164,72,0.0331191
-162,72,0.0269708
-160,72,0.0212364
-158,72,0.0164118
-156,72,0.0129743
-154,72,0.0113216
-152,72,0.0117007
-150,72,0.0141353
-148,72,0.0183736
-146,72,0.0238853
-144,72,0.0299303
-142,72,0.0356903
-140,72,0.0404303
-138,72,0.043638
-136,72,0.0450965
-134,72,0.0448736
-132,72,0.0432422
-130,72,0.04057
-128,72,0.0372222
-126,72,0.0335016
-124,72,0.0296345
-122,72,0.0257888
-120,72,0.0221026
-118,72,0.018706
-116,72,0.0157256
-114,72,0.013273
-112,72,0.0114255
-110,72,0.0102097
-108,72,0.00959608
-106,72,0.00950494
-104,72,0.00982281
-102,72,0.0104213
-100,72,0.0111744
-98,72,0.0119696
-96,72,0.0127142
-94,72,0.0133363
-92,72,0.0137841
-90,72,0.0140238
-88,72,0.0140394
-86,72,0.013832
-84,72,0.0134211
-82,72,0.0128469
-80,72,0.012171
-78,72,0.011477
-76,72,0.0108675
-74,72,0.010457
-72,72,0.0103608
-70,72,0.0106823
-68,72,0.0115016
-66,72,0.01287
-64,72,0.0148113
-62,72,0.0173289
-60,72,0.0204141
-58,72,0.0240451
-56,72,0.0281719
-54,72,0.0326817
-52,72,0.0373515
-50,72,0.0418042
-48,72,0.0454974
-46,72,0.0477747
-44,72,0.047998
-42,72,0.0457388
-40,72,0.0409719
-38,72,0.0341843
-36,72,0.026334
-34,72,0.018649
-32,72,0.0123327
-30,72,0.00828423
-28,72,0.00693559
-26,72,0.00824643
-24,72,0.0118283
-22,72,0.017124
-20,72,0.0235673
-18,72,0.0306766
-16,72,0.0380784
-14,72,0.0454811
-12,72,0.0526285
-10,72,0.0592598
-8,72,0.0650866
-6,72,0.0697922
-4,72,0.07305
-2,72,0.0745574
0,72,0.0740826
2,72,0.0715186
4,72,0.0669339
6,72,0.0606007
8,72,0.0529822
10,72,0.0446711
12,72,0.0362897
14,72,0.0283861
16,72,0.0213625
18,72,0.0154612
20,72,0.0108068
22,72,0.0074804
24,72,0.00558925
26,72,0.00529353
28,72,0.00676799
30,72,0.0100978
32,72,0.0151445
34,72,0.0214475
36,72,0.0282301
38,72,0.0345383
40,72,0.0394729
42,72,0.0424202
44,72,0.0431847
46,72,0.0419748
48,72,0.0392689
50,72,0.0356339
52,72,0.0315746
54,72,0.0274552
56,72,0.0234933
58,72,0.0198002
60,72,0.0164328
62,72,0.0134348
64,72,0.0108557
66,72,0.00874948
68,72,0.0071611
70,72,0.00610919
72,72,0.00557489
74,72,0.00549989
76,72,0.00579378
78,72,0.00634702
80,72,0.00704515
82,72,0.00778058
84,72,0.00846051
86,72,0.00901097
88,72,0.00937822
90,72,0.00952877
92,72,0.00944924
94,72,0.0091468
96,72,0.00865066
98,72,0.00801438
100,72,0.00731835
102,72,0.00667041
104,72,0.00620189
106,72,0.00605645
108,72,0.0063707
110,72,0.00724914
112,72,0.00873993
114,72,0.0108205
116,72,0.0134008
118,72,0.0163455
120,72,0.0195098
122,72,0.0227732
124,72,0.0260581
126,72,0.0293185
128,72,0.032498
130,72,0.0354664
132,72,0.0379621
134,72,0.0395762
136,72,0.0398144
138,72,0.0382463
140,72,0.0347056
142,72,0.0294595
144,72,0.0232537
146,72,0.0171806
148,72,0.0124006
150,72,0.00982238
152,72,0.00987128
154,72,0.0124312
156,72,0.01696
158,72,0.0227073
160,72,0.0289348
162,72,0.035066
164,72,0.0407381
166,72,0.0457756
168,72,0.0501245
170,72,0.0537852
172,72,0.0567656
174,72,0.0590605
176,72,0.060651
178,72,0.0615126
180,72,0.0616219
-180,74,0.0471747
-178,74,0.0456893
-176,74,0.0436982
-174,74,0.0412412
-172,74,0.0383162
-170,74,0.0349006
-168,74,0.0309914
-166,74,0.0266516
-164,74,0.0220398
-162,74,0.017415
-160,74,0.0131158
-158,74,0.00952346
-156,74,0.00701375
-154,74,0.0059011
-152,74,0.00637444
-150,74,0.00843442
-148,74,0.0118522
-146,74,0.0161745
-144,74,0.0207883
-142,74,0.0250372
-140,74,0.0283552
-138,74,0.0303766
-136,74,0.0309845
-134,74,0.03029
-132,74,0.0285575
-130,74,0.0261124
-128,74,0.0232637
-126,74,0.0202636
-124,74,0.0173027
-122,74,0.0145289
-120,74,0.012068
-118,74,0.0100353
-116,74,0.00853003
-114,74,0.00762008
-112,74,0.00732515
-110,74,0.007608
-108,74,0.00837836
-106,74,0.00950799
-104,74,0.0108519
-102,74,0.0122686
-100,74,0.0136354
-98,74,0.0148556
-96,74,0.0158596
-94,74,0.0166014
-92,74,0.0170532
-90,74,0.0172013
-88,74,0.0170419
-86,74,0.0165813
-84,74,0.0158363
-82,74,0.014838
-80,74,0.0136357
-78,74,0.0122997
-76,74,0.0109221
-74,74,0.00961274
-72,74,0.00848986
-70,74,0.00766837
-68,74,0.0072479
-66,74,0.00730528
-64,74,0.00789405
-62,74,0.00905047
-60,74,0.0108018
-58,74,0.0131692
-56,74,0.0161574
-54,74,0.0197235
-52,74,0.0237273
-50,74,0.0278776
-48,74,0.0317014
-46,74,0.0345743
-44,74,0.0358351
-42,74,0.0349731
-40,74,0.0318286
-38,74,0.0267204
-36,74,0.0204268
-34,74,0.0140088
-32,74,0.0085384
-30,74,0.004839
-28,74,0.00333489
-26,74,0.00404462
-24,74,0.00668797
-22,74,0.0108369
-20,74,0.0160448
-18,74,0.0219187
-16,74,0.0281353
-14,74,0.0344213
-12,74,0.040523
-10,74,0.0461839
-8,74,0.0511362
-6,74,0.0551066
-4,74,0.0578308
-2,74,0.0590747
0,74,0.0586643
2,74,0.0565228
4,74,0.052711
6,74,0.0474557
8,74,0.0411466
10,74,0.0342901
12,74,0.0274242
14,74,0.0210244
16,74,0.0154325
18,74,0.0108378
20,74,0.00730885
22,74,0.00485901
24,74,0.0035115
26,74,0.00333386
28,74,0.00442028
30,74,0.00681925
32,74,0.0104311
34,74,0.0149263
36,74,0.0197412
38,74,0.0241764
40,74,0.0275722
42,74,0.029484
44,74,0.0297824
46,74,0.0286387
48,74,0.0264189
50,74,0.0235466
52,74,0.0203947
54,74,0.0172354
56,74,0.014243
58,74,0.011526
60,74,0.00915977
62,74,0.00720737
64,74,0.00572304
66,74,0.00474408
68,74,0.0042793
70,74,0.00430087
72,74,0.00474417
74,74,0.0055155
76,74,0.00650519
78,74,0.0076017
80,74,0.00870311
82,74,0.00972396
84,74,0.0105975
86,74,0.0112742
88,74,0.0117193
90,74,0.0119091
92,74,0.0118297
94,74,0.011477
96,74,0.0108588
98,74,0.0100002
100,74,0.00894961
102,74,0.0077846
104,74,0.0066147
106,74,0.00557679
108,74,0.00482148
110,74,0.00449075
112,74,0.0046916
114,74,0.00547368
116,74,0.00681933
118,74,0.00865062
120,74,0.0108517
122,74,0.0132974
124,74,0.0158767
126,74,0.0184985
128,74,0.0210739
130,74,0.0234776
132,74,0.0255039
134,74,0.0268453
136,74,0.0271266
138,74,0.0260103
140,74,0.0233532
142,74,0.0193491
144,74,0.0145785
146,74,0.00991301
148,74,0.00629499
150,74,0.00447613
152,74,0.0048242
154,74,0.00726898
156,74,0.0113887
158,74,0.0165782
160,74,0.0222207
162,74,0.027806
164,74,0.0329764
166,74,0.0375154
168,74,0.0413075
170,74,0.0442959
172,74,0.046456
174,74,0.0477857
176,74,0.0483085
178,74,0.048078
180,74,0.0471747
-180,76,0.042437
-178,76,0.0404041
-176,76,0.0379982
-174,76,0.0353141
-172,76,0.032389
-170,76,0.0292141
-168,76,0.025768
-166,76,0.0220596
-164,76,0.018165
-162,76,0.0142437
-160,76,0.0105347
-158,76,0.00733123
-156,76,0.00494188
-154,76,0.00363814
-152,76,0.00359417
-150,76,0.00482881
-148,76,0.00716879
-146,76,0.0102533
-144,76,0.0135895
-142,76,0.0166487
-140,76,0.0189769
-138,76,0.0202817
-136,76,0.0204718
-134,76,0.0196401
-132,76,0.0180055
-130,76,0.0158417
-128,76,0.0134176
-126,76,0.0109643
-124,76,0.00866885
-122,76,0.00668162
-120,76,0.00512483
-118,76,0.00409296
-116,76,0.00364454
-114,76,0.00379093
-112,76,0.00448977
-110,76,0.00564816
-108,76,0.00713613
-106,76,0.0088067
-104,76,0.0105167
-102,76,0.0121432
-100,76,0.0135926
-98,76,0.0148019
-96,76,0.015735
-94,76,0.0163755
-92,76,0.0167195
-90,76,0.016769
-88,76,0.0165288
-86,76,0.0160052
-84,76,0.0152077
-82,76,0.0141538
-80,76,0.0128732
-78,76,0.0114139
-76,76,0.00984387
-74,76,0.00825007
-72,76,0.00673274
-70,76,0.0053961
-68,76,0.00433859
-66,76,0.00364574
-64,76,0.00338832
-62,76,0.0036258
-60,76,0.00441238
-58,76,0.00579958
-56,76,0.00782776
-54,76,0.0104997
-52,76,0.0137353
-50,76,0.0173173
-48,76,0.020856
-46,76,0.0238047
-44,76,0.0255546
-42,76,0.0256003
-40,76,0.0237242
-38,76,0.0201213
-36,76,0.0153961
-34,76,0.0104189
-32,76,0.00609634
-30,76,0.00315008
-28,76,0.00198463
-26,76,0.0026746
-24,76,0.00504338
-22,76,0.00877618
-20,76,0.0135159
-18,76,0.0189175
-16,76,0.0246632
-14,76,0.0304579
-12,76,0.0360218
-10,76,0.0410899
-8,76,0.0454202
-6,76,0.0488027
-4,76,0.0510654
-2,76,0.0520756
0,76,0.0517439
2,76,0.0500365
4,76,0.0469987
6,76,0.0427805
8,76,0.0376479
10,76,0.0319645
12,76,0.0261404
14,76,0.0205646
16,76,0.0155456
18,76,0.0112848
20,76,0.00788647
22,76,0.0053958
24,76,0.00384255
26,76,0.00326744
28,76,0.00371438
30,76,0.00518468
32,76,0.00756946
34,76,0.0105968
36,76,0.0138346
38,76,0.0167668
40,76,0.0189214
42,76,0.0199945
44,76,0.0199139
46,76,0.0188199
48,76,0.0169847
50,76,0.0147153
52,76,0.0122832
54,76,0.0098949
56,76,0.00769787
58,76,0.00579837
60,76,0.0042767
62,76,0.00319165
64,76,0.00257625
66,76,0.00243111
68,76,0.00272096
70,76,0.0033777
72,76,0.00430968
74,76,0.00541473
76,76,0.00659341
78,76,0.00775919
80,76,0.00884401
82,76,0.00979892
84,76,0.0105911
86,76,0.0111991
88,76,0.0116075
90,76,0.0118029
92,76,0.0117717
94,76,0.0115002
96,76,0.0109773
98,76,0.0102003
100,76,0.00918287
102,76,0.00796372
104,76,0.00661357
106,76,0.00523697
108,76,0.003966
110,76,0.0029448
112,76,0.00230728
114,76,0.00215369
116,76,0.00253307
118,76,0.00343728
120,76,0.0048078
122,76,0.00655159
124,76,0.0085587
126,76,0.0107136
128,76,0.012894
130,76,0.0149556
132,76,0.01671
134,76,0.0179111
136,76,0.0182766
138,76,0.0175588
140,76,0.0156577
142,76,0.0127326
144,76,0.00924594
146,76,0.00589691
148,76,0.00344918
150,76,0.00252019
152,76,0.00342013
154,76,0.00610235
156,76,0.0102284
158,76,0.0152996
160,76,0.0207921
162,76,0.0262499
164,76,0.0313238
166,76,0.0357688
168,76,0.0394221
170,76,0.0421818
172,76,0.0439945
174,76,0.044855
176,76,0.0448098
178,76,0.0439575
180,76,0.042437
-180,78,0.0426372
-178,78,0.0401664
-176,78,0.0373082
-174,78,0.0342323
-172,78,0.0310495
-170,78,0.0278046
-168,78,0.0244926
-166,78,0.0210927
-164,78,0.0176076
-162,78,0.0140992
-160,78,0.0107057
-158,78,0.00763824
-156,78,0.00515215
-154,78,0.00349773
-152,78,0.0028576
-150,78,0.00328657
-148,78,0.00467352
-146,78,0.00674276
-144,78,0.00910058
-142,78,0.0113161
-140,78,0.0130114
-138,78,0.0139338
-136,78,0.0139883
-134,78,0.0132288
-132,78,0.0118171
-130,78,0.00997241
-128,78,0.00792572
-126,78,0.00589199
-124,78,0.00405646
-122,78,0.00256964
-120,78,0.00154317
-118,78,0.00104399
-116,78,0.00108837
-114,78,0.00164015
-112,78,0.0026164
-110,78,0.0039009
-108,78,0.00536241
-106,78,0.00687339
-104,78,0.00832491
-102,78,0.00963514
-100,78,0.0107513
-98,78,0.011646
-96,78,0.0123108
-94,78,0.0127487
-92,78,0.0129671
-90,78,0.0129735
-88,78,0.0127726
-86,78,0.0123663
-84,78,0.0117564
-82,78,0.0109475
-80,78,0.00995262
-78,78,0.00879653
-76,78,0.00751922
-74,78,0.006176
-72,78,0.00483515
-70,78,0.00357352
-68,78,0.00247152
-66,78,0.00160905
-64,78,0.00106376
-62,78,0.000911155
-60,78,0.00122491
-58,78,0.00207389
-56,78,0.00351123
-54,78,0.00555147
-52,78,0.00813515
-50,78,0.0110887
-48,78,0.0140983
-46,78,0.0167233
-44,78,0.0184686
-42,78,0.0189107
-40,78,0.0178426
-38,78,0.0153748
-36,78,0.0119446
-34,78,0.00821876
-32,78,0.00492561
-30,78,0.00268548
-28,78,0.00189779
-26,78,0.00271061
-24,78,0.0050571
-22,78,0.00872181
-20,78,0.013403
-18,78,0.0187558
-16,78,0.0244182
-14,78,0.0300323
-12,78,0.0352679
-10,78,0.0398489
-8,78,0.0435741
-6,78,0.0463244
-4,78,0.0480523
-2,78,0.0487581
0,78,0.0484651
2,78,0.0472039
4,78,0.0450157
6,78,0.041968
8,78,0.038175
10,78,0.0338071
12,78,0.0290836
14,78,0.0242503
16,78,0.0195537
18,78,0.0152204
20,78,0.0114469
22,78,0.00839803
24,78,0.00620658
26,78,0.00496891
28,78,0.00472883
30,78,0.00544874
32,78,0.00697736
34,78,0.00903488
36,78,0.0112378
38,78,0.0131699
40,78,0.0144777
42,78,0.0149523
44,78,0.0145616
46,78,0.0134256
48,78,0.0117546
50,78,0.00978313
52,78,0.00772541
54,78,0.00575762
56,78,0.00401797
58,78,0.00261112
60,78,0.00160882
62,78,0.00104647
64,78,0.000919864
66,78,0.00118653
68,78,0.00177337
70,78,0.00258921
72,78,0.00353898
74,78,0.00453609
76,78,0.00551075
78,78,0.00641322
80,78,0.00721271
82,78,0.00789331
84,78,0.00844858
86,78,0.00887618
88,78,0.00917346
90,78,0.00933436
92,78,0.009348
94,78,0.00919891
96,78,0.00886924
98,78,0.00834305
100,78,0.00761266
102,78,0.0066864
104,78,0.00559626
106,78,0.0044032
108,78,0.00319743
110,78,0.0020918
112,78,0.00120844
114,78,0.000661044
116,78,0.000537206
118,78,0.000885278
120,78,0.00170836
122,78,0.00296524
124,78,0.00457594
126,78,0.00642855
128,78,0.0083844
130,78,0.0102797
132,78,0.0119239
134,78,0.0131022
136,78,0.0135926
138,78,0.0132131
140,78,0.0118958
142,78,0.00976715
144,78,0.00718755
146,78,0.00471236
148,78,0.00296837
150,78,0.00248814
152,78,0.00357115
154,78,0.00622731
156,78,0.0102145
158,78,0.0151363
160,78,0.0205492
162,78,0.0260401
164,78,0.0312622
166,78,0.0359401
168,78,0.0398604
170,78,0.042863
172,78,0.0448411
174,78,0.0457484
176,78,0.0456082
178,78,0.0445177
180,78,0.0426372
-180,80,0.043304
-178,80,0.0407578
-176,80,0.0377314
-174,80,0.0344582
-172,80,0.031119
-170,80,0.0278194
-168,80,0.0245887
-166,80,0.0214015
-164,80,0.0182171
-162,80,0.015025
-160,80,0.0118839
-158,80,0.0089382
-156,80,0.00640238
-154,80,0.00451448
-152,80,0.00346865
-150,80,0.00334881
-148,80,0.00408684
-146,80,0.00546266
-144,80,0.00714823
-142,80,0.008781
-140,80,0.0100421
-138,80,0.0107147
-136,80,0.0107092
-134,80,0.0100553
-132,80,0.00887139
-130,80,0.00732832
-128,80,0.00561653
-126,80,0.00392248
-124,80,0.00241223
-122,80,0.00121887
-120,80,0.000431913
-118,80,8.99207e-05
-116,80,0.000179183
-114,80,0.000640293
-112,80,0.00138191
-110,80,0.00229841
-108,80,0.00328697
-106,80,0.00426069
-104,80,0.00515563
-102,80,0.00593209
-100,80,0.00657146
-98,80,0.00707049
-96,80,0.00743497
-94,80,0.00767399
-92,80,0.00779571
-90,80,0.00780496
-88,80,0.00770253
-86,80,0.00748604
-84,80,0.00715188
-82,80,0.00669782
-80,80,0.00612573
-78,80,0.00544398
-76,80,0.00466909
-74,80,0.00382679
-72,80,0.00295247
-70,80,0.00209164
-68,80,0.00130041
-66,80,0.000645837
-64,80,0.000205072
-62,80,6.19762e-05
-60,80,0.000300005
-58,80,0.000990822
-56,80,0.00217879
-54,80,0.0038619
-52,80,0.00597083
-50,80,0.00835024
-48,80,0.0107514
-46,80,0.012848
-44,80,0.0142862
-42,80,0.014765
-40,80,0.014129
-38,80,0.0124392
-36,80,0.00998827
-34,80,0.00724993
-32,80,0.00477718
-30,80,0.00308625
-28,80,0.00256407
-26,80,0.00341964
-24,80,0.00567803
-22,80,0.00920193
-20,80,0.0137253
-18,80,0.0188918
-16,80,0.0242978
-14,80,0.0295411
-12,80,0.0342713
-10,80,0.0382322
-8,80,0.0412852
-6,80,0.0434068
-4,80,0.0446616
-2,80,0.045162
0,80,0.0450245
2,80,0.0443383
4,80,0.0431496
6,80,0.0414634
8,80,0.0392584
10,80,0.0365093
12,80,0.0332144
14,80,0.029423
16,80,0.0252597
18,80,0.0209357
20,80,0.016737
22,80,0.0129864
24,80,0.00998713
26,80,0.00796332
28,80,0.0070135
30,80,0.00708664
32,80,0.00798482
34,80,0.00939328
36,80,0.0109363
38,80,0.0122496
40,80,0.0130511
42,80,0.0131868
44,80,0.0126384
46,80,0.0114966
48,80,0.00991698
50,80,0.00808014
52,80,0.0061657
54,80,0.00433925
56,80,0.00274392
58,80,0.00149045
60,80,0.000646161
62,80,0.000227507
64,80,0.000201203
66,80,0.000495008
68,80,0.00101516
70,80,0.00166511
72,80,0.00236058
74,80,0.00303828
76,80,0.00365797
78,80,0.00419953
80,80,0.00465745
82,80,0.00503473
84,80,0.0053376
86,80,0.00557166
88,80,0.00573945
90,80,0.00583928
92,80,0.00586477
94,80,0.00580532
96,80,0.0056471
98,80,0.00537514
100,80,0.00497664
102,80,0.00444557
104,80,0.0037883
106,80,0.00302924
108,80,0.0022149
110,80,0.00141459
112,80,0.000716476
114,80,0.000218821
116,80,1.74628e-05
118,80,0.000191554
120,80,0.000789667
122,80,0.0018181
124,80,0.00323316
126,80,0.00493934
128,80,0.00679479
130,80,0.0086236
132,80,0.0102318
134,80,0.0114244
136,80,0.0120232
138,80,0.0118947
140,80,0.0109897
142,80,0.00939395
144,80,0.00736194
146,80,0.00530723
148,80,0.00373093
150,80,0.00310523
152,80,0.00375655
154,80,0.00579584
156,80,0.00911834
158,80,0.0134597
160,80,0.018473
162,80,0.0237945
164,80,0.0290826
166,80,0.0340318
168,80,0.0383758
170,80,0.0418883
172,80,0.0443916
174,80,0.0457714
176,80,0.0459949
178,80,0.0451223
180,80,0.043304
-180,82,0.0412197
-178,82,0.0393341
-176,82,0.0368706
-174,82,0.0340445
-172,82,0.0310426
-170,82,0.0279982
-168,82,0.0249792
-166,82,0.0219944
-164,82,0.0190187
-162,82,0.0160345
-160,82,0.0130751
-158,82,0.0102537
-156,82,0.00775945
-154,82,0.00581666
-152,82,0.00461693
-150,82,0.00424928
-148,82,0.00465711
-146,82,0.00564023
-144,82,0.006902
-142,82,0.00812255
-140,82,0.00903074
-138,82,0.00945196
-136,82,0.00932256
-134,82,0.008676
-132,82,0.0076142
-130,82,0.00627725
-128,82,0.00481899
-126,82,0.00338919
-124,82,0.0021195
-122,82,0.0011111
-120,82,0.000424449
-118,82,7.41068e-05
-116,82,3.13235e-05
-114,82,0.000234562
-112,82,0.000605155
-110,82,0.00106355
-108,82,0.001542
-106,82,0.00199157
-104,82,0.00238336
-102,82,0.00270563
-100,82,0.00295879
-98,82,0.00315002
-96,82,0.00328863
-94,82,0.00338284
-92,82,0.00343787
-90,82,0.00345532
-88,82,0.00343355
-86,82,0.00336869
-84,82,0.0032559
-82,82,0.00309063
-80,82,0.00286969
-78,82,0.00259191
-76,82,0.0022588
-74,82,0.00187578
-72,82,0.00145432
-70,82,0.00101574
-68,82,0.000595639
-66,82,0.000247569
-64,82,4.28364e-05
-62,82,6.41271e-05
-60,82,0.000392196
-58,82,0.00108795
-56,82,0.00217458
-54,82,0.00362459
-52,82,0.00535415
-50,82,0.00722465
-48,82,0.00905052
-46,82,0.0106147
-44,82,0.0116954
-42,82,0.0121069
-40,82,0.0117482
-38,82,0.0106473
-36,82,0.00898134
-34,82,0.00706178
-32,82,0.00528357
-30,82,0.00405333
-28,82,0.00371572
-26,82,0.00449507
-24,82,0.00646129
-22,82,0.00952278
-20,82,0.0134448
-18,82,0.0178902
-16,82,0.0224762
-14,82,0.0268363
-12,82,0.0306763
-10,82,0.0338097
-8,82,0.0361695
-6,82,0.0377948
-4,82,0.0387995
-2,82,0.0393326
0,82,0.0395385
2,82,0.0395232
4,82,0.0393302
6,82,0.038928
8,82,0.0382118
10,82,0.0370229
12,82,0.0351896
14,82,0.0325883
16,82,0.0292108
18,82,0.0252136
20,82,0.0209218
22,82,0.0167749
24,82,0.0132247
26,82,0.0106226
28,82,0.00913577
30,82,0.00871919
32,82,0.00914626
34,82,0.0100792
36,82,0.0111531
38,82,0.0120494
40,82,0.0125439
42,82,0.012522
44,82,0.011967
46,82,0.0109332
48,82,0.00951953
50,82,0.00785137
52,82,0.0060711
54,82,0.00432976
56,82,0.00277267
58,82,0.00151873
60,82,0.000640003
62,82,0.000150431
64,82,9.02056e-06
66,82,0.000136101
68,82,0.000436159
70,82,0.000819235
72,82,0.00121519
74,82,0.00157904
76,82,0.00188897
78,82,0.00214024
80,82,0.00233812
82,82,0.00249186
84,82,0.00261063
86,82,0.0027013
88,82,0.00276767
90,82,0.00281033
92,82,0.00282698
94,82,0.00281273
96,82,0.00276035
98,82,0.00266077
100,82,0.00250401
102,82,0.00228112
104,82,0.0019872
106,82,0.0016257
108,82,0.00121327
110,82,0.000784191
112,82,0.000392906
114,82,0.000113001
116,82,3.12786e-05
118,82,0.000236159
120,82,0.000800807
122,82,0.00176325
124,82,0.00310813
126,82,0.0047565
128,82,0.00656946
130,82,0.008367
132,82,0.00995642
134,82,0.0111604
136,82,0.0118365
138,82,0.011889
140,82,0.0112823
142,82,0.0100636
144,82,0.0083889
146,82,0.00653545
148,82,0.00487601
150,82,0.00381213
152,82,0.00368559
154,82,0.00470287
156,82,0.00690084
158,82,0.0101596
160,82,0.0142465
162,82,0.0188682
164,82,0.023712
166,82,0.0284726
168,82,0.0328666
170,82,0.0366418
172,82,0.0395886
174,82,0.0415546
176,82,0.0424615
178,82,0.0423179
180,82,0.0412197
-180,84,0.0352451
-178,84,0.0346545
-176,84,0.0334562
-174,84,0.031749
-172,84,0.0296429
-170,84,0.0272466
-168,84,0.0246532
-166,84,0.021931
-164,84,0.0191263
-162,84,0.0162815
-160,84,0.0134656
-158,84,0.0107997
-156,84,0.00845987
-154,84,0.00664653
-152,84,0.00552486
-150,84,0.00516107
-148,84,0.00548335
-146,84,0.00628801
-144,84,0.00729022
-142,84,0.00819848
-140,84,0.00878307
-138,84,0.0089154
-136,84,0.00857203
-134,84,0.0078121
-132,84,0.00674461
-130,84,0.00549887
-128,84,0.00420394
-126,84,0.00297591
-124,84,0.00190907
-122,84,0.00106842
-120,84,0.000484077
-118,84,0.000150087
-116,84,2.96913e-05
-114,84,6.64274e-05
-112,84,0.000198003
-110,84,0.000368797
-108,84,0.000537811
-106,84,0.000681094
-104,84,0.000789653
-102,84,0.000864942
-100,84,0.000913971
-98,84,0.000945328
-96,84,0.000966611
-94,84,0.000983151
-92,84,0.000997687
-90,84,0.0010106
-88,84,0.00102042
-86,84,0.0010245
-84,84,0.00101949
-82,84,0.0010017
-80,84,0.000967091
-78,84,0.000911041
-76,84,0.000828417
-74,84,0.000714586
-72,84,0.000568274
-70,84,0.000396582
-68,84,0.000221242
-66,84,8.35958e-05
-64,84,4.46163e-05
-62,84,0.000176952
-60,84,0.000548887
-58,84,0.00120443
-56,84,0.0021469
-54,84,0.00333273
-52,84,0.0046776
-50,84,0.00607064
-48,84,0.00738933
-46,84,0.00851035
-44,84,0.00931746
-42,84,0.00971251
-40,84,0.00963433
-38,84,0.00908381
-36,84,0.00814598
-34,84,0.00699725
-32,84,0.00588971
-30,84,0.00511179
-28,84,0.00493309
-26,84,0.00554689
-24,84,0.0070258
-22,84,0.00930415
-20,84,0.0121931
-18,84,0.0154244
-16,84,0.0187091
-14,84,0.0217927
-12,84,0.0244934
-10,84,0.026717
-8,84,0.0284506
-6,84,0.0297449
-4,84,0.0306914
-2,84,0.0313987
0,84,0.0319699
2,84,0.0324801
4,84,0.0329533
6,84,0.0333437
8,84,0.0335255
10,84,0.033303
12,84,0.0324479
14,84,0.0307657
16,84,0.0281783
18,84,0.024792
20,84,0.0209163
22,84,0.0170102
24,84,0.0135671
26,84,0.0109788
28,84,0.00943339
30,84,0.00888535
32,84,0.00910061
34,84,0.00974859
36,84,0.0104993
38,84,0.0110924
40,84,0.0113654
42,84,0.0112468
44,84,0.0107309
46,84,0.00985156
48,84,0.00866738
50,84,0.0072583
52,84,0.00572756
54,84,0.00419828
56,84,0.00279896
58,84,0.00164014
60,84,0.000791151
62,84,0.000267279
64,84,3.25539e-05
66,84,1.61993e-05
68,84,0.000135191
70,84,0.000314439
72,84,0.000499025
74,84,0.000657364
76,84,0.000777628
78,84,0.000861092
80,84,0.000915492
82,84,0.0009501
84,84,0.000972897
86,84,0.000989454
88,84,0.00100288
90,84,0.00101425
92,84,0.00102307
94,84,0.00102755
96,84,0.00102467
98,84,0.00100992
100,84,0.00097721
102,84,0.000919177
104,84,0.000828319
106,84,0.00069953
108,84,0.000534169
110,84,0.000345397
112,84,0.000163755
114,84,4.09952e-05
116,84,4.95069e-05
118,84,0.000274677
120,84,0.00079884
122,84,0.00167845
124,84,0.00292011
126,84,0.00446435
128,84,0.00618569
130,84,0.00791228
132,84,0.00945938
134,84,0.0106634
136,84,0.0114038
138,84,0.011608
140,84,0.0112495
142,84,0.0103506
144,84,0.00899796
146,84,0.00736185
148,84,0.00569883
150,84,0.00432299
152,84,0.00354733
154,84,0.00361576
156,84,0.00465195
158,84,0.00664241
160,84,0.00945362
162,84,0.0128706
164,84,0.0166397
166,84,0.020505
168,84,0.0242316
170,84,0.0276184
172,84,0.0305037
174,84,0.0327662
176,84,0.0343272
178,84,0.0351511
180,84,0.0352451
-180,86,0.026439
-178,86,0.0271248
-176,86,0.0272912
-174,86,0.0268849
-172,86,0.0258947
-170,86,0.0243622
-168,86,0.0223763
-166,86,0.0200563
-164,86,0.0175303
-162,86,0.014925
-160,86,0.0123692
-158,86,0.0100064
-156,86,0.00799852
-154,86,0.00650733
-152,86,0.00565203
-150,86,0.00545938
-148,86,0.0058334
-146,86,0.00656506
-144,86,0.00738337
-142,86,0.00802764
-140,86,0.00831101
-138,86,0.00815248
-136,86,0.00757227
-134,86,0.00666187
-132,86,0.0055467
-130,86,0.00435546
-128,86,0.00320132
-126,86,0.00217292
-124,86,0.00133057
-122,86,0.000704533
-120,86,0.000295098
-118,86,7.59968e-05
-116,86,2.10015e-06
-114,86,2.04322e-05
-112,86,8.15994e-05
-110,86,0.000148295
-108,86,0.000198844
-106,86,0.000225871
-104,86,0.000231881
-102,86,0.000224094
-100,86,0.000210324
-98,86,0.000196647
-96,86,0.000186698
-94,86,0.000181977
-92,86,0.000182555
-90,86,0.000187774
-88,86,0.000196799
-86,86,0.000208948
-84,86,0.000223742
-82,86,0.000240584
-80,86,0.00025799
-78,86,0.000272572
-76,86,0.000278301
-74,86,0.000266986
-72,86,0.000230915
-70,86,0.000168051
-68,86,8.87944e-05
-66,86,2.16151e-05
-64,86,1.37524e-05
-62,86,0.000123927
-60,86,0.00040716
-58,86,0.000896265
-56,86,0.00158775
-54,86,0.00243915
-52,86,0.00337941
-50,86,0.00432735
-48,86,0.00520877
-46,86,0.00596498
-44,86,0.00655175
-42,86,0.0069345
-40,86,0.00708752
-38,86,0.00700207
-36,86,0.0067017
-34,86,0.00625727
-32,86,0.005792
-30,86,0.00546844
-28,86,0.00545615
-26,86,0.00588809
-24,86,0.00682123
-22,86,0.00821847
-20,86,0.00996036
-18,86,0.0118819
-16,86,0.0138183
-14,86,0.0156416
-12,86,0.017277
-10,86,0.0186988
-8,86,0.0199152
-6,86,0.020953
-4,86,0.0218461
-2,86,0.0226314
0,86,0.0233452
2,86,0.0240152
4,86,0.0246469
6,86,0.0252044
8,86,0.0255935
10,86,0.025659
12,86,0.0252076
14,86,0.0240619
16,86,0.022135
18,86,0.0194997
20,86,0.0164135
22,86,0.0132767
24,86,0.0105265
26,86,0.00850806
28,86,0.00737631
30,86,0.00706935
32,86,0.00735781
34,86,0.00793947
36,86,0.0085338
38,86,0.00894151
40,86,0.00905883
42,86,0.00885853
44,86,0.00835902
46,86,0.00759981
48,86,0.006631
50,86,0.00551426
52,86,0.00432679
54,86,0.00315946
56,86,0.00210564
58,86,0.00124311
60,86,0.000616893
62,86,0.000230615
64,86,5.02429e-05
66,86,1.80792e-05
68,86,7.07537e-05
70,86,0.000154403
72,86,0.000232879
74,86,0.000288586
76,86,0.000318306
78,86,0.000327207
80,86,0.000323474
82,86,0.000314747
84,86,0.000306419
86,86,0.000301354
88,86,0.000300413
90,86,0.0003033
92,86,0.000309347
94,86,0.000317963
96,86,0.000328616
98,86,0.00034033
100,86,0.000350864
102,86,0.000355904
104,86,0.000348808
106,86,0.00032157
108,86,0.000267649
110,86,0.000186926
112,86,9.22273e-05
114,86,1.56561e-05
116,86,1.17954e-05
118,86,0.000154367
120,86,0.000523946
122,86,0.00118722
124,86,0.00217249
126,86,0.00344994
128,86,0.00492583
130,86,0.00645568
132,86,0.00787363
134,86,0.00902652
136,86,0.00979943
138,86,0.0101246
140,86,0.00997718
142,86,0.0093696
144,86,0.00835504
146,86,0.0070404
148,86,0.00559633
150,86,0.00424874
152,86,0.00324446
154,86,0.00279938
156,86,0.00304873
158,86,0.00401962
160,86,0.00563481
162,86,0.0077429
164,86,0.0101609
166,86,0.0127133
168,86,0.0152582
170,86,0.0176956
172,86,0.0199617
174,86,0.0220136
176,86,0.0238124
178,86,0.0253092
180,86,0.026439
-180,88,0.0174216
-178,88,0.0187301
-176,88,0.0196906
-174,88,0.020149
-172,88,0.0199995
-170,88,0.0192165
-168,88,0.0178637
-166,88,0.0160751
-164,88,0.0140208
-162,88,0.0118744
-160,88,0.00979629
-158,88,0.00793334
-156,88,0.0064225
-154,88,0.00538179
-152,88,0.00488296
-150,88,0.00491638
-148,88,0.00537027
-146,88,0.00604351
-144,88,0.00669391
-142,88,0.00710364
-140,88,0.00713448
-138,88,0.0067516
-136,88,0.00601247
-134,88,0.00503285
-132,88,0.003948
-130,88,0.00288239
-128,88,0.00193269
-126,88,0.00116172
-124,88,0.000598417
-122,88,0.000240921
-120,88,6.16711e-05
-118,88,1.51798e-05
-116,88,4.83584e-05
-114,88,0.000111661
-112,88,0.000168146
-110,88,0.00019791
-108,88,0.000197136
-106,88,0.00017311
-104,88,0.000137795
-102,88,0.000102409
-100,88,7.43383e-05
-98,88,5.64438e-05
-96,88,4.79769e-05
-94,88,4.61595e-05
-92,88,4.77457e-05
-90,88,5.02503e-05
-88,88,5.27689e-05
-86,88,5.63426e-05
-84,88,6.37486e-05
-82,88,7.85557e-05
-80,88,0.000103423
-78,88,0.000137951
-76,88,0.000176844
-74,88,0.000209518
-72,88,0.00022224
-70,88,0.000203266
-68,88,0.000150083
-66,88,7.62146e-05
-64,88,1.3941e-05
-62,88,9.78439e-06
-60,88,0.000112264
-58,88,0.000355446
-56,88,0.000745072
-54,88,0.00125407
-52,88,0.00183027
-50,88,0.00241303
-48,88,0.00295089
-46,88,0.00341246
-44,88,0.003787
-42,88,0.00407701
-40,88,0.00428881
-38,88,0.00442719
-36,88,0.00449753
-34,88,0.00451435
-32,88,0.00451122
-30,88,0.00454444
-28,88,0.00468454
-26,88,0.00499612
-24,88,0.00551418
-22,88,0.00622945
-20,88,0.00709179
-18,88,0.00803022
-16,88,0.00897909
-14,88,0.00989684
-12,88,0.0107695
-10,88,0.0116007
-8,88,0.0123969
-6,88,0.0131569
-4,88,0.013871
-2,88,0.014528
0,88,0.0151236
2,88,0.0156641
4,88,0.0161589
6,88,0.0166022
8,88,0.0169495
10,88,0.0171012
12,88,0.0169077
14,88,0.016209
16,88,0.0149021
18,88,0.0130121
20,88,0.0107288
22,88,0.00837915
24,88,0.00633549
26,88,0.00489547
28,88,0.00418844
30,88,0.00414931
32,88,0.00456571
34,88,0.00516764
36,88,0.00571486
38,88,0.00604872
40,88,0.00610071
42,88,0.00587166
44,88,0.00540216
46,88,0.00474959
48,88,0.00397652
50,88,0.00314741
52,88,0.00232774
54,88,0.00158054
56,88,0.00095908
58,88,0.000497603
60,88,0.000204403
62,88,6.11951e-05
64,88,2.98172e-05
66,88,6.38911e-05
68,88,0.000120894
70,88,0.000170523
72,88,0.000197495
74,88,0.000199509
76,88,0.000182587
78,88,0.00015607
80,88,0.000128752
82,88,0.000106657
84,88,9.23611e-05
86,88,8.54918e-05
88,88,8.39414e-05
90,88,8.53449e-05
92,88,8.83533e-05
94,88,9.33212e-05
96,88,0.000102182
98,88,0.000117506
100,88,0.000140967
102,88,0.000171628
104,88,0.000204624
106,88,0.000230933
108,88,0.00023896
110,88,0.00021842
112,88,0.000166442
114,88,9.47188e-05
116,88,3.53093e-05
118,88,4.18284e-05
120,88,0.000183039
122,88,0.000527862
124,88,0.0011243
126,88,0.00197851
128,88,0.00304231
130,88,0.00421564
132,88,0.00536531
134,88,0.00635391
136,88,0.00706801
138,88,0.00743564
140,88,0.00742962
142,88,0.00706187
144,88,0.00637763
146,88,0.00545572
148,88,0.00441193
150,88,0.00339608
152,88,0.00257412
154,88,0.00209549
156,88,0.00205696
158,88,0.00247912
160,88,0.00330682
162,88,0.0044336
164,88,0.00573887
166,88,0.00712268
168,88,0.00852648
170,88,0.00993555
172,88,0.0113659
174,88,0.0128419
176,88,0.0143718
178,88,0.0159253
180,88,0.0174216
-180,90,0.0111011
-178,90,0.012349
-176,90,0.0134026
-174,90,0.0140909
-172,90,0.0142793
-170,90,0.0139093
-168,90,0.0130154
-166,90,0.011711
-164,90,0.0101543
-162,90,0.00851172
-160,90,0.00693563
-158,90,0.00555879
-156,90,0.0044948
-154,90,0.00383084
-152,90,0.00360724
-150,90,0.00379228
-148,90,0.00427049
-146,90,0.00485918
-144,90,0.00535323
-142,90,0.00558162
-140,90,0.00545186
-138,90,0.00496554
-136,90,0.00420295
-134,90,0.0032888
-132,90,0.00235504
-130,90,0.00151289
-128,90,0.000838126
-126,90,0.000367256
-124,90,0.000100682
-122,90,9.50262e-06
-120,90,4.47738e-05
-118,90,0.000148668
-116,90,0.000266354
-114,90,0.000356251
-112,90,0.000396032
-110,90,0.000382891
-108,90,0.00032871
-106,90,0.00025254
-104,90,0.000173324
-102,90,0.00010501
-100,90,5.46959e-05
-98,90,2.32444e-05
-96,90,7.23757e-06
-94,90,1.2779e-06
-92,90,5.94451e-08
-90,90,1.6625e-31
-88,90,3.57131e-07
-86,90,3.68539e-06
-84,90,1.5396e-05
-82,90,4.22216e-05
-80,90,8.96504e-05
-78,90,0.000158829
-76,90,0.000243889
-74,90,0.000330934
-72,90,0.000399778
-70,90,0.000428939
-68,90,0.0004032
-66,90,0.000321609
-64,90,0.000202651
-62,90,8.32571e-05
-60,90,1.01113e-05
-58,90,2.51204e-05
-56,90,0.000150428
-54,90,0.000379743
-52,90,0.00068046
-50,90,0.00100581
-48,90,0.00131131
-46,90,0.00156796
-44,90,0.00176757
-42,90,0.00191986
-40,90,0.00204467
-38,90,0.00216332
-36,90,0.00229197
-34,90,0.00243918
-32,90,0.00260813
-30,90,0.00280219
-28,90,0.00302961
-26,90,0.00330282
-24,90,0.00363159
-22,90,0.0040148
-20,90,0.0044378
-18,90,0.00487879
-16,90,0.00532054
-14,90,0.00575895
-12,90,0.0062025
-10,90,0.00666315
-8,90,0.00714561
-6,90,0.00764239
-4,90,0.00813768
-2,90,0.00861771
0,90,0.0090813
2,90,0.00954395
4,90,0.0100304
6,90,0.0105547
8,90,0.0110925
10,90,0.0115563
12,90,0.0117934
14,90,0.0116183
16,90,0.0108812
18,90,0.00954751
20,90,0.00774831
22,90,0.00576649
24,90,0.00395342
26,90,0.00261046
28,90,0.00189084
30,90,0.00176612
32,90,0.00206457
34,90,0.00255256
36,90,0.00301535
38,90,0.0033068
40,90,0.00336119
42,90,0.00317942
44,90,0.00280579
46,90,0.00230647
48,90,0.00175351
50,90,0.00121396
52,90,0.000742728
54,90,0.000377976
56,90,0.000138165
58,90,2.10752e-05
60,90,5.76031e-06
62,90,5.82191e-05
64,90,0.000139997
66,90,0.000217248
68,90,0.000267307
70,90,0.000280969
72,90,0.000260708
74,90,0.000216475
76,90,0.000161057
78,90,0.000106323
80,90,6.08469e-05
82,90,2.88663e-05
84,90,1.04037e-05
86,90,2.34317e-06
88,90,1.8117e-07
90,90,6.5561e-32
92,90,9.4506e-08
94,90,1.74322e-06
96,90,8.86399e-06
98,90,2.66351e-05
100,90,5.94554e-05
102,90,0.000108769
104,90,0.000171305
106,90,0.000238238
108,90,0.000295777
110,90,0.000327637
112,90,0.000319639
114,90,0.000266113
116,90,0.00017671
118,90,8.1134e-05
120,90,2.86991e-05
122,90,8.03849e-05
124,90,0.000293426
126,90,0.000701958
128,90,0.00130025
130,90,0.00203584
132,90,0.00281702
134,90,0.00353377
136,90,0.00408483
138,90,0.00440094
140,90,0.00445614
142,90,0.00426561
144,90,0.00387517
146,90,0.00335033
148,90,0.00276973
150,90,0.00222118
152,90,0.00179466
154,90,0.00156829
156,90,0.00159005
158,90,0.00186384
160,90,0.002349
162,90,0.00297599
164,90,0.00367204
166,90,0.00438594
168,90,0.00510206
170,90,0.00584006
172,90,0.006643
174,90,0.00755875
176,90,0.00861908
178,90,0.00981911
180,90,0.0111011
-180,92,0.00917938
-178,92,0.0102589
-176,92,0.0112154
-174,92,0.0118895
-172,92,0.0121423
-170,92,0.0118964
-168,92,0.0111585
-166,92,0.0100153
-164,92,0.00860665
-162,92,0.00709274
-160,92,0.00562899
-158,92,0.00435317
-156,92,0.0033783
-154,92,0.00278202
-152,92,0.00258941
-150,92,0.00275631
-148,92,0.00316644
-146,92,0.00365159
-144,92,0.00403289
-142,92,0.00416904
-140,92,0.00399233
-138,92,0.00351932
-136,92,0.00283519
-134,92,0.00206139
-132,92,0.00132056
-130,92,0.000709691
-128,92,0.00028598
-126,92,6.45445e-05
-124,92,2.43472e-05
-122,92,0.000118875
-120,92,0.000288947
-118,92,0.000475672
-116,92,0.000631514
-114,92,0.00072745
-112,92,0.000754857
-110,92,0.000722259
-108,92,0.000648678
-106,92,0.000556165
-104,92,0.000463832
-102,92,0.000384582
-100,92,0.000324461
-98,92,0.000283794
-96,92,0.000259145
-94,92,0.000245399
-92,92,0.000237678
-90,92,0.000232962
-88,92,0.000231286
-86,92,0.000236217
-84,92,0.000254289
-82,92,0.000293214
-80,92,0.000359062
-78,92,0.000453024
-76,92,0.000568735
-74,92,0.000691233
-72,92,0.000798388
-70,92,0.000865144
-68,92,0.000870154
-66,92,0.00080334
-64,92,0.000671925
-62,92,0.000501979
-60,92,0.000333366
-58,92,0.000208477
-56,92,0.000158455
-54,92,0.000192813
-52,92,0.000297356
-50,92,0.000441216
-48,92,0.000589054
-46,92,0.000712509
-44,92,0.000796968
-42,92,0.000843442
-40,92,0.000867214
-38,92,0.000893996
-36,92,0.00095307
-34,92,0.00106818
-32,92,0.00124994
-30,92,0.00149428
-28,92,0.0017875
-26,92,0.00211354
-24,92,0.0024579
-22,92,0.00280685
-20,92,0.00314629
-18,92,0.00346451
-16,92,0.00375833
-14,92,0.00403722
-12,92,0.00432094
-10,92,0.00463134
-8,92,0.00498421
-6,92,0.00538645
-4,92,0.00583995
-2,92,0.00634881
0,92,0.00692463
2,92,0.00758556
4,92,0.00834654
6,92,0.00920083
8,92,0.010097
10,92,0.0109208
12,92,0.0114971
14,92,0.0116226
16,92,0.0111313
18,92,0.00996971
20,92,0.00824671
22,92,0.00622471
24,92,0.00424543
26,92,0.00262032
28,92,0.00153577
30,92,0.00101446
32,92,0.00094137
34,92,0.00113021
36,92,0.00139322
38,92,0.00158834
40,92,0.00163734
42,92,0.00152292
44,92,0.00127488
46,92,0.000951779
48,92,0.000621514
50,92,0.000343861
52,92,0.000158399
54,92,7.96415e-05
56,92,9.87649e-05
58,92,0.000189701
60,92,0.000317288
62,92,0.000445784
64,92,0.000546286
66,92,0.000601626
68,92,0.000607721
70,92,0.000571501
72,92,0.000506682
74,92,0.000429161
76,92,0.000353342
78,92,0.00028987
80,92,0.000244609
82,92,0.000218551
84,92,0.000208523
86,92,0.000208648
88,92,0.000212372
90,92,0.00021464
92,92,0.000213576
94,92,0.000211109
96,92,0.000212324
98,92,0.000223735
100,92,0.000251004
102,92,0.000296742
104,92,0.000358911
106,92,0.000430103
108,92,0.000497841
110,92,0.000546052
112,92,0.000557939
114,92,0.000520422
116,92,0.000429778
118,92,0.000297152
120,92,0.000151602
122,92,3.79739e-05
124,92,7.99744e-06
126,92,0.000105535
128,92,0.000350184
130,92,0.000725718
132,92,0.00117946
134,92,0.0016349
136,92,0.00201408
138,92,0.0022609
140,92,0.00235578
142,92,0.00231604
144,92,0.0021841
146,92,0.00201121
148,92,0.00184552
150,92,0.00172786
152,92,0.0016924
154,92,0.00176612
156,92,0.00196412
158,92,0.00228289
160,92,0.00269798
162,92,0.00317031
164,92,0.00366033
166,92,0.00414372
168,92,0.00462123
170,92,0.00511888
172,92,0.00567925
174,92,0.00634803
176,92,0.00715849
178,92,0.00811532
180,92,0.00917938
-180,94,0.0110504
-178,94,0.0123806
-176,94,0.0135953
-174,94,0.0144979
-172,94,0.0149055
-170,94,0.0146987
-168,94,0.0138579
-166,94,0.0124693
-164,94,0.0107009
-162,94,0.00876195
-160,94,0.00686233
-158,94,0.00518455
-156,94,0.00386659
-154,94,0.00299053
-152,94,0.00257262
-150,94,0.00255735
-148,94,0.00282271
-146,94,0.00320232
-144,94,0.00352254
-142,94,0.00364442
-140,94,0.00349607
-138,94,0.0030846
-136,94,0.00248458
-134,94,0.00180942
-132,94,0.00117684
-130,94,0.000679658
-128,94,0.000368903
-126,94,0.000250875
-124,94,0.00029535
-122,94,0.000450168
-120,94,0.000657176
-118,94,0.000865621
-116,94,0.00104056
-114,94,0.00116551
-112,94,0.00124012
-110,94,0.00127468
-108,94,0.00128391
-106,94,0.00128184
-104,94,0.0012789
-102,94,0.00128096
-100,94,0.00128979
-98,94,0.00130403
-96,94,0.00132031
-94,94,0.00133428
-92,94,0.00134182
-90,94,0.00134033
-88,94,0.00132994
-86,94,0.00131414
-84,94,0.00129945
-82,94,0.00129398
-80,94,0.00130497
-78,94,0.00133617
-76,94,0.00138558
-74,94,0.00144457
-72,94,0.0014986
-70,94,0.00152971
-68,94,0.00152066
-66,94,0.00145994
-64,94,0.00134631
-62,94,0.00119117
-60,94,0.00101702
-58,94,0.000851596
-56,94,0.00071973
-54,94,0.000636133
-52,94,0.000602124
-50,94,0.000606937
-48,94,0.000631915
-46,94,0.000655658
-44,94,0.000659811
-42,94,0.000636203
-40,94,0.000594186
-38,94,0.00056368
-36,94,0.000589024
-34,94,0.00071365
-32,94,0.000962811
-30,94,0.00133414
-28,94,0.00180069
-26,94,0.00232257
-24,94,0.0028589
-22,94,0.00337519
-20,94,0.00384714
-18,94,0.00426397
-16,94,0.00463159
-14,94,0.00497263
-12,94,0.00532085
-10,94,0.005712
-8,94,0.00617553
-6,94,0.00673081
-4,94,0.00738762
-2,94,0.00814794
0,94,0.00900646
2,94,0.00994804
4,94,0.0109423
6,94,0.0119357
8,94,0.0128429
10,94,0.0135432
12,94,0.0138882
14,94,0.0137291
16,94,0.0129629
18,94,0.0115834
20,94,0.00971258
22,94,0.00758883
24,94,0.00550797
26,94,0.00373812
28,94,0.0024459
30,94,0.00166523
32,94,0.00131549
34,94,0.00125128
36,94,0.0013165
38,94,0.00138326
40,94,0.00137145
42,94,0.00125307
44,94,0.00104653
46,94,0.000802638
48,94,0.000584205
50,94,0.000444319
52,94,0.000410355
54,94,0.000478874
56,94,0.000621457
58,94,0.000797047
60,94,0.000965053
62,94,0.00109505
64,94,0.0011714
66,94,0.00119323
68,94,0.00117096
70,94,0.00112135
72,94,0.0010625
74,94,0.00101006
76,94,0.000974992
78,94,0.00096273
80,94,0.000973214
82,94,0.00100159
84,94,0.00103948
86,94,0.00107688
88,94,0.00110443
90,94,0.00111578
92,94,0.00110905
94,94,0.0010872
96,94,0.00105692
98,94,0.00102646
100,94,0.00100306
102,94,0.000990878
104,94,0.000989744
106,94,0.000995072
108,94,0.000998635
110,94,0.000989898
112,94,0.000957742
114,94,0.000892735
116,94,0.000790175
118,94,0.000653769
120,94,0.000498939
122,94,0.000353883
124,94,0.000256288
126,94,0.000244696
128,94,0.000346019
130,94,0.00056355
132,94,0.00087144
134,94,0.00122014
136,94,0.00155256
138,94,0.00182473
140,94,0.00202113
142,94,0.00215702
144,94,0.00226721
146,94,0.00238862
148,94,0.00254691
150,94,0.00275314
152,94,0.00300884
154,94,0.00331243
156,94,0.00366106
158,94,0.00404748
160,94,0.00445681
162,94,0.00486873
164,94,0.00526637
166,94,0.00564802
168,94,0.00603536
170,94,0.00647303
172,94,0.00701941
174,94,0.00773138
176,94,0.00864724
178,94,0.00976968
180,94,0.0110504
-180,96,0.013832
-178,96,0.0156631
-176,96,0.0173903
-174,96,0.0187422
-172,96,0.0194635
-170,96,0.0193802
-168,96,0.0184484
-166,96,0.0167679
-164,96,0.0145537
-162,96,0.0120827
-160,96,0.00963426
-158,96,0.00744599
-156,96,0.00568804
-154,96,0.00445252
-152,96,0.00375119
-150,96,0.00351889
-148,96,0.00362569
-146,96,0.00390052
-144,96,0.00416529
-142,96,0.00427228
-140,96,0.0041347
-138,96,0.003741
-136,96,0.00314908
-134,96,0.00246268
-132,96,0.00179834
-130,96,0.00125365
-128,96,0.000886173
-126,96,0.000707672
-124,96,0.000692413
-122,96,0.000793746
-120,96,0.00096186
-118,96,0.00115701
-116,96,0.00135552
-114,96,0.00154906
-112,96,0.0017395
-110,96,0.00193251
-108,96,0.00213246
-106,96,0.00233979
-104,96,0.00255081
-102,96,0.00275893
-100,96,0.00295611
-98,96,0.00313386
-96,96,0.00328366
-94,96,0.00339728
-92,96,0.00346737
-90,96,0.00348863
-88,96,0.00345922
-86,96,0.00338189
-84,96,0.00326427
-82,96,0.00311798
-80,96,0.00295667
-78,96,0.00279368
-76,96,0.00263969
-74,96,0.00250108
-72,96,0.00237918
-70,96,0.00227055
-68,96,0.00216829
-66,96,0.00206414
-64,96,0.00195108
-62,96,0.00182555
-60,96,0.00168875
-58,96,0.00154683
-56,96,0.00141012
-54,96,0.00129167
-52,96,0.00120424
-50,96,0.00115492
-48,96,0.00113852
-46,96,0.00113419
-44,96,0.00111112
-42,96,0.0010452
-40,96,0.000940174
-38,96,0.000839703
-36,96,0.000819292
-34,96,0.000958831
-32,96,0.00130981
-30,96,0.00187519
-28,96,0.00261125
-26,96,0.00344672
-24,96,0.00430682
-22,96,0.00513166
-20,96,0.00588591
-18,96,0.00656131
-16,96,0.00717415
-14,96,0.00775814
-12,96,0.00835423
-10,96,0.00899986
-8,96,0.009721
-6,96,0.0105278
-4,96,0.0114129
-2,96,0.0123498
0,96,0.0132935
2,96,0.0141822
4,96,0.0149422
6,96,0.0154961
8,96,0.01577
10,96,0.015698
12,96,0.0152267
14,96,0.0143237
16,96,0.0129937
18,96,0.0112994
20,96,0.00937487
22,96,0.0074144
24,96,0.00563244
26,96,0.00420664
28,96,0.0032293
30,96,0.00268966
32,96,0.00249223
34,96,0.00249732
36,96,0.00256352
38,96,0.00257852
40,96,0.00247573
42,96,0.00224012
44,96,0.00190473
46,96,0.00153686
48,96,0.00121481
50,96,0.00100165
52,96,0.000926035
54,96,0.000977493
56,96,0.00111636
58,96,0.00129178
60,96,0.00145908
62,96,0.00159054
64,96,0.00167791
66,96,0.00172875
68,96,0.00175977
70,96,0.0017901
72,96,0.00183613
74,96,0.00190848
76,96,0.00201079
78,96,0.00213985
80,96,0.00228653
82,96,0.00243731
84,96,0.00257627
86,96,0.00268766
88,96,0.00275856
90,96,0.00278129
92,96,0.00275474
94,96,0.00268419
96,96,0.0025797
98,96,0.0024534
100,96,0.00231661
102,96,0.00217754
104,96,0.00204038
106,96,0.00190563
108,96,0.00177138
110,96,0.0016349
112,96,0.00149389
114,96,0.00134737
116,96,0.00119664
118,96,0.00104662
120,96,0.000907985
122,96,0.000798858
124,96,0.000744743
126,96,0.000774631
128,96,0.000912847
130,96,0.00116864
132,96,0.00152825
134,96,0.00195493
136,96,0.00239973
138,96,0.00281981
140,96,0.00319567
142,96,0.0035375
144,96,0.00387655
146,96,0.00424669
148,96,0.00466691
150,96,0.00513428
152,96,0.00562853
154,96,0.0061223
156,96,0.00658935
158,96,0.00700758
160,96,0.00735964
162,96,0.00763559
164,96,0.00783967
166,96,0.00799915
168,96,0.00816988
170,96,0.00843408
172,96,0.00888836
174,96,0.00962372
176,96,0.0107011
178,96,0.0121268
180,96,0.013832
-180,98,0.014209
-178,98,0.0161136
-176,98,0.017995
-174,98,0.0195583
-172,98,0.0205218
-170,98,0.0206846
-168,98,0.019977
-166,98,0.0184764
-164,98,0.0163849
-162,98,0.0139775
-160,98,0.0115431
-158,98,0.00933476
-156,98,0.00753736
-154,98,0.00625215
-152,98,0.00549289
-150,98,0.00519198
-148,98,0.00521713
-146,98,0.00539889
-144,98,0.00556529
-142,98,0.00557627
-140,98,0.00534936
-138,98,0.00487094
-136,98,0.00419122
-134,98,0.00340471
-132,98,0.002622
-130,98,0.00194088
-128,98,0.00142521
-126,98,0.00109721
-124,98,0.000943421
-122,98,0.000929549
-120,98,0.00101715
-118,98,0.00117603
-116,98,0.0013894
-114,98,0.00165246
-112,98,0.00196679
-110,98,0.00233404
-108,98,0.00275113
-106,98,0.00320824
-104,98,0.0036894
-102,98,0.00417437
-100,98,0.00464089
-98,98,0.00506632
-96,98,0.00542868
-94,98,0.00570758
-92,98,0.00588547
-90,98,0.00594953
-88,98,0.00589382
-86,98,0.00572113
-84,98,0.00544378
-82,98,0.00508281
-80,98,0.00466566
-78,98,0.00422273
-76,98,0.00378347
-74,98,0.00337289
-72,98,0.00300889
-70,98,0.00270096
-68,98,0.00245033
-66,98,0.00225132
-64,98,0.00209356
-62,98,0.00196492
-60,98,0.00185473
-58,98,0.00175766
-56,98,0.00167745
-54,98,0.00162824
-52,98,0.00163019
-50,98,0.00169752
-48,98,0.00182243
-46,98,0.00196513
-44,98,0.00206125
-42,98,0.00205034
-40,98,0.0019139
-38,98,0.00170104
-36,98,0.00152266
-34,98,0.0015131
-32,98,0.00177826
-30,98,0.00235718
-28,98,0.0032146
-26,98,0.00426288
-24,98,0.00539796
-22,98,0.00653169
-20,98,0.0076103
-18,98,0.00861721
-16,98,0.00956412
-14,98,0.0104765
-12,98,0.0113791
-10,98,0.0122864
-8,98,0.0131982
-6,98,0.0140983
-4,98,0.014954
-2,98,0.0157153
0,98,0.0163156
2,98,0.0166786
4,98,0.0167314
6,98,0.0164223
8,98,0.0157351
10,98,0.0146942
12,98,0.0133567
14,98,0.0117997
16,98,0.0101107
18,98,0.00838825
20,98,0.00674809
22,98,0.0053201
24,98,0.00422735
26,98,0.00355132
28,98,0.00330079
30,98,0.00340297
32,98,0.00372201
34,98,0.00409543
36,98,0.00437246
38,98,0.00444335
40,98,0.00425679
42,98,0.0038259
44,98,0.0032219
46,98,0.00255411
48,98,0.00193888
50,98,0.0014673
52,98,0.00118347
54,98,0.00108129
56,98,0.00111838
58,98,0.00123845
60,98,0.00139203
62,98,0.00154846
64,98,0.00169827
66,98,0.0018483
68,98,0.00201385
70,98,0.00221107
72,98,0.00245124
74,98,0.00273755
76,98,0.00306403
78,98,0.00341611
80,98,0.00377242
82,98,0.00410754
84,98,0.00439526
86,98,0.00461215
88,98,0.00474087
90,98,0.0047726
92,98,0.00470803
94,98,0.00455667
96,98,0.00433459
98,98,0.00406112
100,98,0.00375546
102,98,0.00343398
104,98,0.00310891
106,98,0.0027885
108,98,0.0024782
110,98,0.00218231
112,98,0.00190527
114,98,0.00165235
116,98,0.00142992
118,98,0.00124588
120,98,0.00111066
122,98,0.0010386
124,98,0.00104852
126,98,0.00116206
128,98,0.00139825
130,98,0.0017651
132,98,0.00225128
134,98,0.00282315
136,98,0.0034315
138,98,0.00402796
140,98,0.00458443
142,98,0.00510509
144,98,0.00562287
146,98,0.00618067
148,98,0.00680689
150,98,0.00749834
152,98,0.00821812
154,98,0.00890747
156,98,0.0095034
158,98,0.00995421
160,98,0.0102293
162,98,0.0103241
164,98,0.0102624
166,98,0.0100978
168,98,0.00991317
170,98,0.00981642
172,98,0.00992982
174,98,0.0103713
176,98,0.0112284
178,98,0.0125276
180,98,0.014209
-180,100,0.0111377
-178,100,0.0123673
-176,100,0.0137118
-174,100,0.014952
-172,100,0.0158614
-170,100,0.0162588
-168,100,0.0160506
-166,100,0.0152499
-164,100,0.0139703
-162,100,0.0123964
-160,100,0.0107442
-158,100,0.00921977
-156,100,0.00798519
-154,100,0.00713414
-152,100,0.00667986
-150,100,0.00655734
-148,100,0.00664119
-146,100,0.00677677
-144,100,0.00681705
-142,100,0.0066548
-140,100,0.00624162
-138,100,0.00559061
-136,100,0.00476502
-134,100,0.00385795
-132,100,0.00296887
-130,100,0.00218247
-128,100,0.0015543
-126,100,0.00110619
-124,100,0.000831289
-122,100,0.000705657
-120,100,0.000701346
-118,100,0.000796458
-116,100,0.000979729
-114,100,0.00124964
-112,100,0.00160984
-110,100,0.00206329
-108,100,0.00260724
-106,100,0.00323025
-104,100,0.00391151
-102,100,0.00462191
-100,100,0.00532619
-98,100,0.00598533
-96,100,0.00655926
-94,100,0.00700977
-92,100,0.00730395
-90,100,0.00741797
-88,100,0.00734071
-86,100,0.00707633
-84,100,0.00664505
-82,100,0.0060814
-80,100,0.00543016
-78,100,0.00474043
-76,100,0.00405926
-74,100,0.0034259
-72,100,0.00286798
-70,100,0.00240008
-68,100,0.00202474
-66,100,0.00173538
-64,100,0.00152032
-62,100,0.00136716
-60,100,0.00126734
-58,100,0.00122064
-56,100,0.0012384
-54,100,0.00134311
-52,100,0.00156067
-50,100,0.00190394
-48,100,0.00235198
-46,100,0.00283664
-44,100,0.00325004
-42,100,0.00347875
-40,100,0.00345442
-38,100,0.00319585
-36,100,0.0028173
-34,100,0.00249372
-32,100,0.00239812
-30,100,0.00264182
-28,100,0.0032453
-26,100,0.00414837
-24,100,0.00524781
-22,100,0.00644013
-20,100,0.00765038
-18,100,0.00883926
-16,100,0.00999298
-14,100,0.0111059
-12,100,0.0121667
-10,100,0.0131526
-8,100,0.014031
-6,100,0.0147636
-4,100,0.0153081
-2,100,0.0156178
0,100,0.015643
2,100,0.0153365
4,100,0.0146672
6,100,0.0136367
8,100,0.0122912
10,100,0.0107211
12,100,0.00904628
14,100,0.00739252
16,100,0.00587096
18,100,0.00457063
20,100,0.00356215
22,100,0.00290253
24,100,0.00263015
26,100,0.0027487
28,100,0.00320961
30,100,0.00390628
32,100,0.00468635
34,100,0.00537911
36,100,0.00582923
38,100,0.00592841
40,100,0.00563817
42,100,0.0049985
44,100,0.00411789
46,100,0.00314514
48,100,0.00223022
50,100,0.00148766
52,100,0.000975107
54,100,0.000692817
56,100,0.000600374
58,100,0.000640967
60,100,0.000762995
62,100,0.000932879
64,100,0.00113806
66,100,0.0013828
68,100,0.00168038
70,100,0.00204491
72,100,0.0024845
74,100,0.00299677
76,100,0.00356686
78,100,0.00416788
80,100,0.00476367
82,100,0.00531318
84,100,0.00577581
86,100,0.00611688
88,100,0.00631213
90,100,0.00635059
92,100,0.00623544
94,100,0.00598251
96,100,0.00561711
98,100,0.00516971
100,100,0.00467149
102,100,0.00415059
104,100,0.00362986
106,100,0.00312628
108,100,0.0026519
110,100,0.00221554
112,100,0.00182458
114,100,0.00148623
116,100,0.00120792
118,100,0.000997528
120,100,0.000863573
122,100,0.000816001
124,100,0.000866867
126,100,0.00102986
128,100,0.00131734
130,100,0.00173441
132,100,0.00227185
134,100,0.0029015
136,100,0.00357894
138,100,0.00425536
140,100,0.00489572
142,100,0.0054946
144,100,0.00607984
146,100,0.00669914
148,100,0.00739416
150,100,0.00817485
152,100,0.00900687
154,100,0.00981811
156,100,0.0105201
158,100,0.0110336
160,100,0.0113087
162,100,0.0113338
164,100,0.0111345
166,100,0.010767
168,100,0.0103103
170,100,0.00985993
172,100,0.0095228
174,100,0.00940811
176,100,0.00961128
178,100,0.0101899
180,100,0.0111377
-180,102,0.00651533
-178,102,0.00678025
-176,102,0.00725068
-174,102,0.00782898
-172,102,0.00838771
-170,102,0.00880166
-168,102,0.00897941
-166,102,0.0088846
-164,102,0.00854228
-162,102,0.0080306
-160,102,0.00746125
-158,102,0.00695337
-156,102,0.00660567
-154,102,0.00647222
-152,102,0.0065473
-150,102,0.00676433
-148,102,0.00701127
-146,102,0.00715969
-144,102,0.00709933
-142,102,0.00676708
-140,102,0.00616101
-138,102,0.00533614
-136,102,0.00438541
-134,102,0.00341375
-132,102,0.00251389
-130,102,0.00175011
-128,102,0.00115244
-126,102,0.000720516
-124,102,0.000433962
-122,102,0.000265001
-120,102,0.000189491
-118,102,0.000193767
-116,102,0.000276449
-114,102,0.000445961
-112,102,0.000715362
-110,102,0.00109634
-108,102,0.00159387
-106,102,0.00220247
-104,102,0.00290432
-102,102,0.00366919
-100,102,0.00445588
-98,102,0.00521495
-96,102,0.00589269
-94,102,0.00643618
-92,102,0.0067992
-90,102,0.00694825
-88,102,0.0068678
-86,102,0.00656348
-84,102,0.0060623
-82,102,0.00540946
-80,102,0.00466204
-78,102,0.00388084
-76,102,0.003122
-74,102,0.0024302
-72,102,0.00183467
-70,102,0.00134856
-68,102,0.000971185
-66,102,0.00069242
-64,102,0.00049801
-62,102,0.000375117
-60,102,0.000317611
-58,102,0.000330747
-56,102,0.000434222
-54,102,0.00066126
-52,102,0.00105029
-50,102,0.00162696
-48,102,0.00237932
-46,102,0.00323642
-44,102,0.00406608
-42,102,0.00470322
-40,102,0.00500578
-38,102,0.00491595
-36,102,0.00449499
-34,102,0.00390965
-32,102,0.00337336
-30,102,0.00307125
-28,102,0.00310531
-26,102,0.00348195
-24,102,0.00413835
-22,102,0.00498532
-20,102,0.00594191
-18,102,0.00694902
-16,102,0.0079646
-14,102,0.00895128
-12,102,0.00986742
-10,102,0.010666
-8,102,0.0112996
-6,102,0.0117258
-4,102,0.0119105
-2,102,0.011828
0,102,0.011461
2,102,0.0108044
4,102,0.00987289
6,102,0.0087101
8,102,0.00739293
10,102,0.00602617
12,102,0.00472658
14,102,0.00360154
16,102,0.00273126
18,102,0.00216159
20,102,0.00190789
22,102,0.00196375
24,102,0.00230633
26,102,0.00289463
28,102,0.00366274
30,102,0.00451464
32,102,0.00532663
34,102,0.00596101
36,102,0.00629089
38,102,0.00623082
40,102,0.00576355
42,102,0.0049511
44,102,0.0039222
46,102,0.00283822
48,102,0.00184984
50,102,0.0010614
52,102,0.000515007
54,102,0.00019705
56,102,5.96089e-05
58,102,4.57619e-05
60,102,0.000109391
62,102,0.000225261
64,102,0.00038986
66,102,0.000616005
68,102,0.00092451
70,102,0.00133538
72,102,0.00186008
74,102,0.00249578
76,102,0.00322241
78,102,0.00400278
80,102,0.00478611
82,102,0.00551424
84,102,0.00612946
86,102,0.00658257
88,102,0.00683942
90,102,0.00688499
92,102,0.0067243
94,102,0.00638021
96,102,0.00588886
98,102,0.00529363
100,102,0.00463896
102,102,0.00396508
104,102,0.00330457
106,102,0.00268128
108,102,0.00211127
110,102,0.00160526
112,102,0.00117113
114,102,0.000815674
116,102,0.000544745
118,102,0.00036236
120,102,0.000269721
122,102,0.00026545
124,102,0.000347473
126,102,0.000515676
128,102,0.000773281
130,102,0.00112493
132,102,0.00157106
134,102,0.00210078
136,102,0.00268783
138,102,0.00329405
140,102,0.00388147
142,102,0.00442863
144,102,0.00494217
146,102,0.00545547
148,102,0.006012
150,102,0.00664067
152,102,0.00733545
154,102,0.00805027
156,102,0.00871117
158,102,0.00923921
160,102,0.00957304
162,102,0.00968247
164,102,0.00957029
166,102,0.00926527
168,102,0.00881255
170,102,0.00826664
172,102,0.00768966
174,102,0.00715229
176,102,0.00673183
178,102,0.00650222
180,102,0.00651533
-180,104,0.00276053
-178,104,0.00248034
-176,104,0.00237194
-174,104,0.00241998
-172,104,0.00257769
-170,104,0.00278478
-168,104,0.0029891
-166,104,0.00316305
-164,104,0.00330942
-162,104,0.00345649
-160,104,0.00364575
-158,104,0.00391639
-156,104,0.00429015
-154,104,0.00475939
-152,104,0.00528106
-150,104,0.00577923
-148,104,0.00615731
-146,104,0.00631904
-144,104,0.00619371
-142,104,0.00575828
-140,104,0.00504849
-138,104,0.00415366
-136,104,0.0031954
-134,104,0.00229676
-132,104,0.00155204
-130,104,0.00100753
-128,104,0.00065845
-126,104,0.000461355
-124,104,0.000355538
-122,104,0.000285037
-120,104,0.000214298
-118,104,0.000134293
-116,104,5.98056e-05
-114,104,2.10517e-05
-112,104,5.34215e-05
-110,104,0.000188286
-108,104,0.000446377
-106,104,0.000833988
-104,104,0.0013415
-102,104,0.00194367
-100,104,0.00260124
-98,104,0.00326401
-96,104,0.00387534
-94,104,0.00437819
-92,104,0.00472214
-90,104,0.00487051
-88,104,0.00480622
-86,104,0.00453509
-84,104,0.00408562
-82,104,0.00350491
-80,104,0.00285151
-78,104,0.0021867
-76,104,0.00156586
-74,104,0.00103183
-72,104,0.000611116
-70,104,0.000313092
-68,104,0.000131579
-66,104,4.79923e-05
-64,104,3.55351e-05
-62,104,6.4538e-05
-60,104,0.000109595
-58,104,0.000158899
-56,104,0.000224624
-54,104,0.000350231
-52,104,0.000607712
-50,104,0.00107796
-48,104,0.00181388
-46,104,0.00279761
-44,104,0.00391454
-42,104,0.00496638
-40,104,0.00572949
-38,104,0.00603808
-36,104,0.00585204
-34,104,0.00527349
-32,104,0.00450298
-30,104,0.00376046
-28,104,0.00321265
-26,104,0.00293833
-24,104,0.00293635
-22,104,0.00315818
-20,104,0.00354083
-18,104,0.00402562
-16,104,0.00456233
-14,104,0.00510579
-12,104,0.00561251
-10,104,0.00604041
-8,104,0.00635126
-6,104,0.00651381
-4,104,0.00650602
-2,104,0.00631645
0,104,0.00594586
2,104,0.00541016
4,104,0.0047442
6,104,0.00400409
8,104,0.00326472
10,104,0.00260992
12,104,0.00211659
14,104,0.00183783
16,104,0.00179229
18,104,0.00196424
20,104,0.002314
22,104,0.00279239
24,104,0.0033519
26,104,0.00394968
28,104,0.00454245
30,104,0.00507782
32,104,0.00548865
34,104,0.00569692
36,104,0.00563025
38,104,0.00524829
40,104,0.00456788
42,104,0.00367306
44,104,0.00269984
46,104,0.00179845
48,104,0.00108821
50,104,0.000624937
52,104,0.000394282
54,104,0.000330637
56,104,0.00035006
58,104,0.000381773
60,104,0.000387428
62,104,0.000365301
64,104,0.000343024
66,104,0.000364848
68,104,0.000478413
70,104,0.000723639
72,104,0.00112449
74,104,0.00168363
76,104,0.00238014
78,104,0.0031706
80,104,0.00399371
82,104,0.00477812
84,104,0.00545231
86,104,0.00595463
88,104,0.00624179
90,104,0.00629403
92,104,0.00611641
94,104,0.00573617
96,104,0.00519691
98,104,0.00455111
100,104,0.00385229
102,104,0.00314841
104,104,0.00247759
106,104,0.00186669
108,104,0.00133259
110,104,0.000885096
112,104,0.000529962
114,104,0.000270423
116,104,0.000106499
118,104,3.27085e-05
120,104,3.62117e-05
122,104,9.77111e-05
124,104,0.000196301
126,104,0.000317019
128,104,0.000457531
130,104,0.000629741
132,104,0.000853965
134,104,0.00114718
136,104,0.00151067
138,104,0.00192403
140,104,0.00235001
142,104,0.00274936
144,104,0.00309866
146,104,0.00340125
148,104,0.00368478
150,104,0.00398594
152,104,0.00433042
154,104,0.00471859
156,104,0.00512324
158,104,0.00549885
160,104,0.00579644
162,104,0.00597659
164,104,0.0060165
166,104,0.00591024
168,104,0.00566468
170,104,0.00529515
172,104,0.00482404
174,104,0.00428349
176,104,0.00371932
178,104,0.00319057
180,104,0.00276053
-180,106,0.000589586
-178,106,0.000382733
-176,106,0.000254801
-174,106,0.000198935
-172,106,0.00019443
-170,106,0.000219887
-168,106,0.000267803
-166,106,0.000352622
-164,106,0.000507505
-162,106,0.00077103
-160,106,0.00116999
-158,106,0.00170567
-156,106,0.00234822
-154,106,0.00303979
-152,106,0.00370344
-150,106,0.00425461
-148,106,0.00461319
-146,106,0.00471593
-144,106,0.00452965
-142,106,0.00406369
-140,106,0.00337744
-138,106,0.00257728
-136,106,0.0017988
-134,106,0.00117594
-132,106,0.000805561
-130,106,0.000720367
-128,106,0.000881053
-126,106,0.00119138
-124,106,0.00153014
-122,106,0.00178757
-120,106,0.00189344
-118,106,0.0018291
-116,106,0.00162303
-114,106,0.00133515
-112,106,0.00103738
-110,106,0.000796421
-108,106,0.000662355
-106,106,0.000663194
-104,106,0.000804169
-102,106,0.00106989
-100,106,0.00142804
-98,106,0.00183399
-96,106,0.00223623
-94,106,0.00258262
-92,106,0.00282722
-90,106,0.00293676
-88,106,0.00289593
-86,106,0.00271005
-84,106,0.00240471
-82,106,0.002022
-80,106,0.00161411
-78,106,0.00123558
-76,106,0.000935466
-74,106,0.000750821
-72,106,0.000702007
-70,106,0.000789806
-68,106,0.000994061
-66,106,0.00127381
-64,106,0.0015697
-62,106,0.00181059
-60,106,0.00192647
-58,106,0.00186858
-56,106,0.00163397
-54,106,0.00128581
-52,106,0.000956606
-50,106,0.000822286
-48,106,0.00104576
-46,106,0.00170611
-44,106,0.00274519
-42,106,0.00396409
-40,106,0.00508141
-38,106,0.0058326
-36,106,0.00606419
-34,106,0.00577822
-32,106,0.00510994
-30,106,0.00425834
-28,106,0.00340986
-26,106,0.00268963
-24,106,0.00215133
-22,106,0.00179455
-20,106,0.00159074
-18,106,0.00150382
-16,106,0.00150085
-14,106,0.00155463
-12,106,0.00164199
-10,106,0.0017409
-8,106,0.00182854
-6,106,0.00188153
-4,106,0.00187838
-2,106,0.00180358
0,106,0.00165251
2,106,0.00143625
4,106,0.00118528
6,106,0.000949625
8,106,0.000793156
10,106,0.000780414
12,106,0.000958284
14,106,0.00133874
16,106,0.00189087
18,106,0.00254745
20,106,0.00322438
22,106,0.00384421
24,106,0.004353
26,106,0.00472389
28,106,0.00494816
30,106,0.00502104
32,106,0.00493084
34,106,0.00465842
36,106,0.0041892
38,106,0.00353381
40,106,0.00274757
42,106,0.0019359
44,106,0.00123634
46,106,0.00077949
48,106,0.000643703
50,106,0.000824536
52,106,0.00123416
54,106,0.00173131
56,106,0.00216818
58,106,0.00243427
60,106,0.00248213
62,106,0.00232988
64,106,0.00204547
66,106,0.00172235
68,106,0.00145556
70,106,0.00132332
72,106,0.00137592
74,106,0.0016308
76,106,0.00207275
78,106,0.00265799
80,106,0.00332153
82,106,0.00398696
84,106,0.00457753
86,106,0.00502694
88,106,0.00528817
90,106,0.00533885
92,106,0.00518267
94,106,0.00484662
96,106,0.0043751
98,106,0.00382201
100,106,0.00324251
102,106,0.00268574
104,106,0.00218972
106,106,0.00177917
108,106,0.00146591
110,106,0.00125124
112,106,0.00112861
114,106,0.0010855
116,106,0.00110363
118,106,0.00115857
120,106,0.0012204
122,106,0.0012576
124,106,0.00124465
126,106,0.00117129
128,106,0.00104933
130,106,0.000912581
132,106,0.000807764
134,106,0.00077857
136,106,0.000848678
138,106,0.00101128
140,106,0.0012304
142,106,0.00145423
144,106,0.00163487
146,106,0.00174565
148,106,0.00178854
150,106,0.00178929
152,106,0.00178394
154,106,0.00180373
156,106,0.00186437
158,106,0.00196253
160,106,0.00207875
162,106,0.00218426
164,106,0.0022491
166,106,0.0022492
168,106,0.00217067
170,106,0.00201112
172,106,0.0017788
174,106,0.00149141
176,106,0.00117517
178,106,0.000863022
180,106,0.000589586
-180,108,0.000187237
-178,108,0.000232539
-176,108,0.000306025
-174,108,0.000373796
-172,108,0.000400547
-170,108,0.000365588
-168,108,0.000276405
-166,108,0.000172902
-164,108,0.000118329
-162,108,0.000178704
-160,108,0.000398398
-158,108,0.000782055
-156,108,0.00129016
-154,108,0.00184911
-152,108,0.0023702
-150,108,0.00276958
-148,108,0.00298323
-146,108,0.00297569
-144,108,0.00274481
-142,108,0.0023253
-140,108,0.00179107
-138,108,0.00125245
-136,108,0.000843133
-134,108,0.000693837
-132,108,0.00089732
-130,108,0.00147603
-128,108,0.0023665
-126,108,0.00342946
-124,108,0.00448429
-122,108,0.00535578
-120,108,0.00591669
-118,108,0.00611264
-116,108,0.00596414
-114,108,0.00554953
-112,108,0.00497791
-110,108,0.0043618
-108,108,0.00379631
-106,108,0.00334741
-104,108,0.00304869
-102,108,0.00290401
-100,108,0.00289358
-98,108,0.00298133
-96,108,0.00312266
-94,108,0.00327189
-92,108,0.00338909
-90,108,0.00344601
-88,108,0.00343024
-86,108,0.00334732
-84,108,0.00322012
-82,108,0.00308552
-80,108,0.0029888
-78,108,0.00297642
-76,108,0.00308805
-74,108,0.00334893
-72,108,0.00376303
-70,108,0.00430772
-68,108,0.00493051
-66,108,0.00554913
-64,108,0.00605669
-62,108,0.00633444
-60,108,0.00627389
-58,108,0.00580727
-56,108,0.00494056
-54,108,0.00377731
-52,108,0.00251846
-50,108,0.00142689
-48,108,0.000758085
-46,108,0.000676303
-44,108,0.00118972
-42,108,0.00213683
-40,108,0.00323646
-38,108,0.00418337
-36,108,0.00474774
-34,108,0.00483597
-32,108,0.00449221
-30,108,0.00385122
-28,108,0.00307334
-26,108,0.00229286
-24,108,0.00159502
-22,108,0.00101922
-20,108,0.000575559
-18,108,0.000261775
-16,108,7.31452e-05
-14,108,3.91426e-06
-12,108,4.30879e-05
-10,108,0.00016918
-8,108,0.000348028
-6,108,0.000535647
-4,108,0.000685527
-2,108,0.000758128
0,108,0.000730197
2,108,0.000602213
4,108,0.000402626
6,108,0.000187218
8,108,3.14766e-05
10,108,1.48831e-05
12,108,0.000199177
14,108,0.000606934
16,108,0.00120937
18,108,0.00193027
20,108,0.00266603
22,108,0.00331391
24,108,0.00379622
26,108,0.00407136
28,108,0.00413009
30,108,0.00398323
32,108,0.00364997
34,108,0.00315409
36,108,0.00252987
38,108,0.00183413
40,108,0.00115633
42,108,0.000617131
44,108,0.000349184
46,108,0.00046184
48,108,0.00100125
50,108,0.00192305
52,108,0.00309207
54,108,0.00431216
56,108,0.00537656
58,108,0.00612019
60,108,0.00645635
62,108,0.00638819
64,108,0.00599569
66,108,0.00540668
68,108,0.00476325
70,108,0.00419248
72,108,0.00378679
74,108,0.0035948
76,108,0.00362141
78,108,0.00383445
80,108,0.00417552
82,108,0.00457258
84,108,0.00495266
86,108,0.00525289
88,108,0.00542884
90,108,0.00545933
92,108,0.00534745
94,108,0.00511804
96,108,0.00481227
98,108,0.00448039
100,108,0.00417348
102,108,0.00393562
104,108,0.00379724
106,108,0.00377071
108,108,0.00384864
110,108,0.00400514
112,108,0.00419963
114,108,0.00438264
116,108,0.00450264
118,108,0.00451348
120,108,0.00438156
122,108,0.00409243
124,108,0.00365549
126,108,0.00310546
128,108,0.00249893
130,108,0.00190539
132,108,0.00139356
134,108,0.00101606
136,108,0.000796622
138,108,0.000724458
140,108,0.000758073
142,108,0.000837906
144,108,0.000903725
146,108,0.000911036
148,108,0.000841433
150,108,0.000704433
152,108,0.00053137
154,108,0.000364
156,108,0.0002413
158,108,0.000187903
160,108,0.000207216
162,108,0.000281228
164,108,0.000377123
166,108,0.000458469
168,108,0.000496976
170,108,0.000480775
172,108,0.00041683
174,108,0.000327457
176,108,0.000242612
178,108,0.000190277
180,108,0.000187237
-180,110,0.00379194
-178,110,0.00373853
-176,110,0.00364893
-174,110,0.00349452
-172,110,0.00324206
-170,110,0.00287173
-168,110,0.00239324
-166,110,0.00185307
-164,110,0.00132778
-162,110,0.000903908
-160,110,0.000650869
-158,110,0.000597386
-156,110,0.000721433
-154,110,0.000957594
-152,110,0.00121807
-150,110,0.00141835
-148,110,0.00149832
-146,110,0.00143398
-144,110,0.00124012
-142,110,0.000967597
-140,110,0.000698608
-138,110,0.000540219
-136,110,0.000613218
-134,110,0.00103258
-132,110,0.00187948
-130,110,0.00317126
-128,110,0.00484092
-126,110,0.00673753
-124,110,0.00865167
-122,110,0.0103601
-120,110,0.011675
-118,110,0.0124826
-116,110,0.0127595
-114,110,0.0125657
-112,110,0.0120195
-110,110,0.0112656
-108,110,0.0104442
-106,110,0.00966937
-104,110,0.00901789
-102,110,0.0085273
-100,110,0.00820127
-98,110,0.00801857
-96,110,0.00794337
-94,110,0.00793525
-92,110,0.00795781
-90,110,0.00798529
-88,110,0.00800696
-86,110,0.00802883
-84,110,0.0080726
-82,110,0.0081718
-80,110,0.00836527
-78,110,0.00868863
-76,110,0.00916464
-74,110,0.00979373
-72,110,0.0105462
-70,110,0.0113577
-68,110,0.0121298
-66,110,0.0127367
-64,110,0.0130395
-62,110,0.0129073
-60,110,0.0122442
-58,110,0.0110187
-56,110,0.00928709
-54,110,0.00720395
-52,110,0.00500924
-50,110,0.0029888
-48,110,0.00141241
-46,110,0.000464988
-44,110,0.00019408
-42,110,0.000495443
-40,110,0.00114609
-38,110,0.00187495
-36,110,0.00244449
-34,110,0.00271199
-32,110,0.00264995
-30,110,0.00232525
-28,110,0.00185435
-26,110,0.0013584
-24,110,0.000935069
-22,110,0.000651054
-20,110,0.000547807
-18,110,0.000649615
-16,110,0.000966223
-14,110,0.00148852
-12,110,0.00218114
-10,110,0.00297793
-8,110,0.00378503
-6,110,0.0044928
-4,110,0.00499415
-2,110,0.00520449
0,110,0.00507832
2,110,0.00461925
4,110,0.00388187
6,110,0.00296542
8,110,0.00199977
10,110,0.00112457
12,110,0.000464178
14,110,0.000103019
16,110,6.78083e-05
18,110,0.000322728
20,110,0.000779917
22,110,0.00132225
24,110,0.00183078
26,110,0.00220795
28,110,0.00239117
30,110,0.00235591
32,110,0.00211243
34,110,0.00170098
36,110,0.00118868
38,110,0.000667726
40,110,0.00025188
42,110,6.69154e-05
44,110,0.000232482
46,110,0.000836536
48,110,0.00190814
50,110,0.00339782
52,110,0.00517456
54,110,0.00704405
56,110,0.00878555
58,110,0.0101977
60,110,0.0111398
62,110,0.0115575
64,110,0.0114858
66,110,0.0110323
68,110,0.010346
70,110,0.00958298
72,110,0.00887696
74,110,0.00831995
76,110,0.00795532
78,110,0.0077815
80,110,0.00776286
82,110,0.00784421
84,110,0.00796532
86,110,0.00807327
88,110,0.0081312
90,110,0.0081231
92,110,0.00805465
94,110,0.00795078
96,110,0.00785032
98,110,0.00779862
100,110,0.00783853
102,110,0.00800087
104,110,0.00829538
106,110,0.00870391
108,110,0.00917781
110,110,0.00964105
112,110,0.01
114,110,0.0101591
116,110,0.0100391
118,110,0.00959486
120,110,0.0088267
122,110,0.00778275
124,110,0.00655134
126,110,0.00524491
128,110,0.00397982
130,110,0.00285671
132,110,0.00194579
134,110,0.00127939
136,110,0.000852192
138,110,0.000627689
140,110,0.000548495
142,110,0.000548043
144,110,0.000562324
146,110,0.000541161
148,110,0.000458425
150,110,0.000319289
152,110,0.000161148
154,110,4.52601e-05
156,110,3.92607e-05
158,110,0.000195294
160,110,0.000531664
162,110,0.00102522
164,110,0.0016173
166,110,0.00223042
168,110,0.00278911
170,110,0.00323771
172,110,0.0035505
174,110,0.00373216
176,110,0.00380987
178,110,0.00381976
180,110,0.00379194
-180,112,0.0150234
-178,112,0.0145113
-176,112,0.0136873
-174,112,0.012589
-172,112,0.0112493
-170,112,0.0097068
-168,112,0.00801984
-166,112,0.00627539
-164,112,0.00458748
-162,112,0.00308102
-160,112,0.00186469
-158,112,0.00100222
-156,112,0.000493968
-154,112,0.000277784
-152,112,0.000249613
-150,112,0.000296363
-148,112,0.000328679
-146,112,0.000302934
-144,112,0.000227734
-142,112,0.000157096
-140,112,0.000176561
-138,112,0.000388247
-136,112,0.000897256
-134,112,0.00179778
-132,112,0.00315604
-130,112,0.00498986
-128,112,0.00724991
-126,112,0.00981141
-124,112,0.0124838
-122,112,0.0150403
-120,112,0.01726
-118,112,0.0189715
-116,112,0.0200831
-114,112,0.0205941
-112,112,0.0205833
-110,112,0.0201839
-108,112,0.0195507
-106,112,0.0188305
-104,112,0.0181409
-102,112,0.0175598
-100,112,0.0171244
-98,112,0.0168381
-96,112,0.0166808
-94,112,0.016621
-92,112,0.0166265
-90,112,0.0166731
-88,112,0.0167501
-86,112,0.0168624
-84,112,0.0170285
-82,112,0.0172753
-80,112,0.0176298
-78,112,0.018108
-76,112,0.0187044
-74,112,0.0193823
-72,112,0.0200693
-70,112,0.0206591
-68,112,0.0210218
-66,112,0.021021
-64,112,0.0205367
-62,112,0.0194885
-60,112,0.0178563
-58,112,0.0156915
-56,112,0.0131182
-54,112,0.0103226
-52,112,0.00753005
-50,112,0.00497387
-48,112,0.00285758
-46,112,0.00131784
-44,112,0.000396165
-42,112,2.93218e-05
-40,112,6.57375e-05
-38,112,0.00030713
-36,112,0.000564128
-34,112,0.000706907
-32,112,0.000692788
-30,112,0.000563095
-28,112,0.000415686
-26,112,0.000368903
-24,112,0.000532281
-22,112,0.000990856
-20,112,0.00180037
-18,112,0.0029859
-16,112,0.00453799
-14,112,0.00640537
-12,112,0.00848789
-10,112,0.0106356
-8,112,0.012659
-6,112,0.0143513
-4,112,0.0155199
-2,112,0.0160204
0,112,0.0157824
2,112,0.0148229
4,112,0.0132426
6,112,0.0112092
8,112,0.00893146
10,112,0.00662955
12,112,0.00450763
14,112,0.00273011
16,112,0.00140411
18,112,0.000569264
20,112,0.000196129
22,112,0.000194435
24,112,0.000431151
26,112,0.000756466
28,112,0.00103312
30,112,0.00116277
32,112,0.00110316
34,112,0.000872653
36,112,0.000542246
38,112,0.000219076
40,112,2.65041e-05
42,112,8.51177e-05
44,112,0.000496608
46,112,0.00133038
48,112,0.00261216
50,112,0.00431481
52,112,0.00635372
54,112,0.00859023
56,112,0.0108463
58,112,0.0129301
60,112,0.0146692
62,112,0.0159418
64,112,0.0166982
66,112,0.0169659
68,112,0.0168371
70,112,0.0164428
72,112,0.015922
74,112,0.0153946
76,112,0.0149437
78,112,0.0146097
80,112,0.0143951
82,112,0.0142759
84,112,0.014216
86,112,0.0141805
88,112,0.0141456
90,112,0.0141046
92,112,0.0140693
94,112,0.0140669
96,112,0.0141342
98,112,0.0143087
100,112,0.0146176
102,112,0.0150663
104,112,0.0156284
106,112,0.0162392
108,112,0.0167971
110,112,0.0171734
112,112,0.0172331
114,112,0.0168613
116,112,0.0159907
118,112,0.0146223
120,112,0.012832
122,112,0.0107591
124,112,0.0085811
126,112,0.0064795
128,112,0.0046074
130,112,0.00306666
132,112,0.0018995
134,112,0.00109432
136,112,0.000601153
138,112,0.000349685
140,112,0.00026341
142,112,0.000267634
144,112,0.000294101
146,112,0.000288117
148,112,0.000221855
150,112,0.000110817
152,112,2.38015e-05
154,112,7.596e-05
156,112,0.000401505
158,112,0.00111357
160,112,0.00226645
162,112,0.00383484
164,112,0.00571674
166,112,0.00775647
168,112,0.00977743
170,112,0.0116138
172,112,0.0131339
174,112,0.0142526
176,112,0.0149329
178,112,0.015179
180,112,0.0150234
-180,114,0.0341911
-178,114,0.0333796
-176,114,0.0316714
-174,114,0.0291914
-172,114,0.0260894
-170,114,0.022534
-168,114,0.0187129
-166,114,0.0148334
-164,114,0.0111163
-162,114,0.00777676
-160,114,0.0049941
-158,114,0.00287772
-156,114,0.00144283
-154,114,0.000608348
-152,114,0.000221506
-150,114,0.000102399
-148,114,9.33065e-05
-146,114,9.60135e-05
-144,114,8.66359e-05
-142,114,0.00010756
-140,114,0.000244681
-138,114,0.000601288
-136,114,0.00127712
-134,114,0.00235505
-132,114,0.00389225
-130,114,0.00591126
-128,114,0.00838888
-126,114,0.0112459
-124,114,0.0143443
-122,114,0.017498
-120,114,0.0204985
-118,114,0.0231499
-116,114,0.0253043
-114,114,0.026886
-112,114,0.0278992
-110,114,0.0284172
-108,114,0.0285595
-106,114,0.0284626
-104,114,0.0282543
-102,114,0.0280347
-100,114,0.0278677
-98,114,0.0277816
-96,114,0.0277764
-94,114,0.0278343
-92,114,0.0279312
-90,114,0.0280463
-88,114,0.028169
-86,114,0.0283005
-84,114,0.0284523
-82,114,0.0286393
-80,114,0.0288706
-78,114,0.0291381
-76,114,0.0294071
-74,114,0.0296107
-72,114,0.0296516
-70,114,0.0294131
-68,114,0.0287779
-66,114,0.0276518
-64,114,0.0259863
-62,114,0.0237936
-60,114,0.0211498
-58,114,0.0181852
-56,114,0.0150652
-54,114,0.0119676
-52,114,0.00906166
-50,114,0.00649264
-48,114,0.00436886
-46,114,0.0027505
-44,114,0.00163949
-42,114,0.000975259
-40,114,0.000643345
-38,114,0.000501164
-36,114,0.000416882
-34,114,0.000308998
-32,114,0.000171456
-30,114,7.48084e-05
-28,114,0.000144754
-26,114,0.000528533
-24,114,0.00136197
-22,114,0.00274556
-20,114,0.00473111
-18,114,0.00731566
-16,114,0.0104382
-14,114,0.0139776
-12,114,0.0177516
-10,114,0.0215224
-8,114,0.0250127
-6,114,0.0279334
-4,114,0.030023
-2,114,0.031088
0,114,0.0310345
2,114,0.0298813
4,114,0.0277526
6,114,0.0248528
8,114,0.0214328
10,114,0.017758
12,114,0.014083
14,114,0.0106352
16,114,0.00760433
18,114,0.00513113
20,114,0.00329444
22,114,0.00209728
24,114,0.00146066
26,114,0.00123434
28,114,0.0012288
30,114,0.00126218
32,114,0.00120648
34,114,0.00101575
36,114,0.000726659
38,114,0.000434654
40,114,0.000259237
42,114,0.000313079
44,114,0.000683931
46,114,0.00142933
48,114,0.00257806
50,114,0.00413139
52,114,0.00606047
54,114,0.00830083
56,114,0.010749
58,114,0.0132667
60,114,0.0156961
62,114,0.017884
64,114,0.0197097
66,114,0.0211062
68,114,0.0220698
70,114,0.0226525
72,114,0.0229436
74,114,0.0230447
76,114,0.0230471
78,114,0.0230167
80,114,0.0229898
82,114,0.0229766
84,114,0.0229708
86,114,0.0229613
88,114,0.0229417
90,114,0.022917
92,114,0.0229048
94,114,0.022933
96,114,0.0230321
98,114,0.0232257
100,114,0.0235183
102,114,0.0238845
104,114,0.0242607
106,114,0.0245444
108,114,0.0246023
110,114,0.0242897
112,114,0.0234779
114,114,0.0220859
116,114,0.020106
118,114,0.0176167
120,114,0.0147763
122,114,0.0117967
124,114,0.00890505
126,114,0.00630234
128,114,0.00413099
130,114,0.00245903
132,114,0.0012831
134,114,0.00054619
136,114,0.000161765
138,114,3.45429e-05
140,114,7.17519e-05
142,114,0.000185474
144,114,0.000293702
146,114,0.000329915
148,114,0.000265363
150,114,0.000137234
152,114,6.66109e-05
154,114,0.000250163
156,114,0.000920486
158,114,0.0022857
160,114,0.00446975
162,114,0.0074744
164,114,0.0111735
166,114,0.0153363
168,114,0.0196681
170,114,0.0238543
172,114,0.0275985
174,114,0.0306508
176,114,0.0328272
178,114,0.0340184
180,114,0.0341911
-180,116,0.0545293
-178,116,0.0539936
-176,116,0.0518622
-174,116,0.0483076
-172,116,0.0435864
-170,116,0.0380178
-168,116,0.0319619
-166,116,0.0257986
-164,116,0.019902
-162,116,0.0146085
-160,116,0.0101785
-158,116,0.00676021
-156,116,0.00436708
-154,116,0.00288165
-152,116,0.00208885
-150,116,0.00173237
-148,116,0.00157739
-146,116,0.00146041
-144,116,0.00131283
-142,116,0.00115561
-140,116,0.00107298
-138,116,0.00117828
-136,116,0.00158436
-134,116,0.00238472
-132,116,0.00364505
-130,116,0.00540012
-128,116,0.00765055
-126,116,0.0103572
-124,116,0.0134359
-122,116,0.0167567
-120,116,0.0201552
-118,116,0.0234527
-116,116,0.0264851
-114,116,0.0291291
-112,116,0.03132
-110,116,0.0330553
-108,116,0.0343851
-106,116,0.0353919
-104,116,0.0361682
-102,116,0.0367967
-100,116,0.0373374
-98,116,0.0378226
-96,116,0.0382598
-94,116,0.0386389
-92,116,0.0389418
-90,116,0.0391511
-88,116,0.0392565
-86,116,0.0392569
-84,116,0.0391583
-82,116,0.0389675
-80,116,0.0386838
-78,116,0.0382895
-76,116,0.0377439
-74,116,0.0369827
-72,116,0.0359255
-70,116,0.0344906
-68,116,0.032616
-66,116,0.0302799
-64,116,0.0275153
-62,116,0.024412
-60,116,0.0211057
-58,116,0.0177567
-56,116,0.0145252
-54,116,0.0115503
-52,116,0.00893931
-50,116,0.00676392
-48,116,0.00506024
-46,116,0.00382719
-44,116,0.00302237
-42,116,0.00256085
-40,116,0.00232431
-38,116,0.00218485
-36,116,0.00203979
-34,116,0.00184643
-32,116,0.00164316
-30,116,0.00154843
-28,116,0.0017373
-26,116,0.00240385
-24,116,0.00372046
-22,116,0.00580464
-20,116,0.00869867
-18,116,0.0123629
-16,116,0.0166791
-14,116,0.0214595
-12,116,0.0264584
-10,116,0.0313872
-8,116,0.0359337
-6,116,0.0397909
-4,116,0.0426897
-2,116,0.0444323
0,116,0.0449154
2,116,0.0441376
4,116,0.0421893
6,116,0.0392298
8,116,0.0354625
10,116,0.0311138
12,116,0.0264231
14,116,0.0216409
16,116,0.0170263
18,116,0.0128352
20,116,0.00929148
22,116,0.00654584
24,116,0.00463606
26,116,0.00347069
28,116,0.00285075
30,116,0.00252802
32,116,0.00227908
34,116,0.00196514
36,116,0.0015553
38,116,0.00110937
40,116,0.000735842
42,116,0.000548033
44,116,0.000635905
46,116,0.00105831
48,116,0.00184916
50,116,0.00302658
52,116,0.00459665
54,116,0.00654887
56,116,0.00884647
58,116,0.0114178
60,116,0.0141557
62,116,0.0169275
64,116,0.0195952
66,116,0.0220392
68,116,0.024178
70,116,0.0259772
72,116,0.0274463
74,116,0.028626
76,116,0.0295702
78,116,0.03033
80,116,0.030944
82,116,0.0314346
84,116,0.0318116
86,116,0.0320786
88,116,0.0322402
90,116,0.0323073
92,116,0.0322984
94,116,0.0322371
96,116,0.032145
98,116,0.0320328
100,116,0.0318901
102,116,0.0316774
104,116,0.0313225
106,116,0.0307259
108,116,0.0297733
110,116,0.028358
112,116,0.0264074
114,116,0.0239086
116,116,0.020924
118,116,0.0175932
120,116,0.0141157
122,116,0.0107195
124,116,0.00762194
126,116,0.00499385
128,116,0.00293592
130,116,0.00147265
132,116,0.000562891
134,116,0.00012091
136,116,3.87646e-05
138,116,0.000202327
140,116,0.000498106
142,116,0.000815124
144,116,0.00105092
146,116,0.00112973
148,116,0.00103303
150,116,0.000831838
152,116,0.000703083
154,116,0.000915368
156,116,0.00178114
158,116,0.00358755
160,116,0.00652761
162,116,0.0106525
164,116,0.0158555
166,116,0.0218873
168,116,0.0283907
170,116,0.0349452
172,116,0.0411112
174,116,0.0464698
176,116,0.0506586
178,116,0.0534011
180,116,0.0545293
-180,118,0.0648675
-178,118,0.06498
-176,118,0.0630808
-174,118,0.0593299
-172,118,0.0540295
-170,118,0.0475927
-168,118,0.040503
-166,118,0.0332678
-164,118,0.0263702
-162,118,0.0202194
-160,118,0.0151078
-158,118,0.011179
-156,118,0.00841801
-154,118,0.0066669
-152,118,0.00566786
-150,118,0.00512415
-148,118,0.00476417
-146,118,0.0043921
-144,118,0.00391386
-142,118,0.00333535
-140,118,0.00273908
-138,118,0.00225017
-136,118,0.00200318
-134,118,0.00211771
-132,118,0.00268494
-130,118,0.00376294
-128,118,0.00537587
-126,118,0.00751301
-124,118,0.0101269
-122,118,0.0131324
-120,118,0.0164111
-118,118,0.0198225
-116,118,0.0232221
-114,118,0.0264818
-112,118,0.0295068
-110,118,0.0322436
-108,118,0.034679
-106,118,0.0368293
-104,118,0.0387256
-102,118,0.0403989
-100,118,0.041869
-98,118,0.0431392
-96,118,0.0441975
-94,118,0.0450218
-92,118,0.0455872
-90,118,0.0458739
-88,118,0.0458718
-86,118,0.045583
-84,118,0.0450194
-82,118,0.0441976
-80,118,0.0431314
-78,118,0.0418245
-76,118,0.0402667
-74,118,0.038434
-72,118,0.0362964
-70,118,0.0338305
-68,118,0.0310346
-66,118,0.0279428
-64,118,0.0246305
-62,118,0.0212111
-60,118,0.0178215
-58,118,0.014603
-56,118,0.0116813
-54,118,0.00915446
-52,118,0.00708728
-50,118,0.00551216
-48,118,0.00442997
-46,118,0.00380803
-44,118,0.00357613
-42,118,0.00362656
-40,118,0.00382506
-38,118,0.00403553
-36,118,0.00415435
-34,118,0.00414375
-32,118,0.00405261
-30,118,0.00401616
-28,118,0.00423329
-26,118,0.00492681
-24,118,0.0062971
-22,118,0.00848061
-20,118,0.0115227
-18,118,0.0153692
-16,118,0.0198749
-14,118,0.024824
-12,118,0.0299552
-10,118,0.0349866
-8,118,0.0396398
-6,118,0.0436616
-4,118,0.0468428
-2,118,0.0490307
0,118,0.0501345
2,118,0.0501206
4,118,0.0490023
6,118,0.0468286
8,118,0.0436786
10,118,0.0396657
12,118,0.0349504
14,118,0.0297566
16,118,0.0243773
18,118,0.0191582
20,118,0.0144527
22,118,0.0105552
24,118,0.00763134
26,118,0.00567623
28,118,0.00452022
30,118,0.00388691
32,118,0.00348201
34,118,0.00307835
36,118,0.00256546
38,118,0.00195121
40,118,0.00132527
42,118,0.000808393
44,118,0.000510724
46,118,0.000511542
48,118,0.000859044
50,118,0.00158067
52,118,0.00269307
54,118,0.00420498
56,118,0.00611202
58,118,0.00838743
60,118,0.0109747
62,118,0.0137875
64,118,0.0167178
66,118,0.0196519
68,118,0.0224869
70,118,0.0251441
72,118,0.0275747
74,118,0.0297569
76,118,0.0316876
78,118,0.0333723
80,118,0.0348162
82,118,0.0360198
84,118,0.0369783
86,118,0.0376855
88,118,0.0381373
90,118,0.0383368
92,118,0.0382947
94,118,0.0380282
96,118,0.0375561
98,118,0.0368915
100,118,0.0360348
102,118,0.0349682
104,118,0.0336545
106,118,0.0320422
108,118,0.0300763
110,118,0.0277156
112,118,0.0249507
114,118,0.0218199
116,118,0.0184176
118,118,0.0148904
120,118,0.0114216
122,118,0.00820548
124,118,0.00541752
126,118,0.00318783
128,118,0.00158415
130,118,0.000607372
132,118,0.000199129
134,118,0.000256821
136,118,0.000650468
138,118,0.00123701
140,118,0.00187147
142,118,0.00241818
144,118,0.00276683
146,118,0.00285563
148,118,0.00269807
150,118,0.00240384
152,118,0.00218255
154,118,0.00232256
156,118,0.00314611
158,118,0.00495073
160,118,0.00795189
162,118,0.0122404
164,118,0.0177617
166,118,0.0243176
168,118,0.0315852
170,118,0.0391459
172,118,0.0465224
174,118,0.0532179
176,118,0.0587595
178,118,0.0627417
180,118,0.0648675
-180,120,0.058099
-178,120,0.0586525
-176,120,0.0573361
-174,120,0.0542655
-172,120,0.049716
-170,120,0.0440923
-168,120,0.0378808
-166,120,0.0315896
-164,120,0.025687
-162,120,0.0205456
-160,120,0.0164015
-158,120,0.0133341
-156,120,0.0112721
-154,120,0.0100222
-152,120,0.00931827
-150,120,0.0088775
-148,120,0.0084541
-146,120,0.00787807
-144,120,0.0070733
-142,120,0.00605467
-140,120,0.00490858
-138,120,0.00376507
-136,120,0.0027694
-134,120,0.00205906
-132,120,0.00174871
-130,120,0.00192232
-128,120,0.00263008
-126,120,0.00388706
-124,120,0.00567283
-122,120,0.00793246
-120,120,0.010581
-118,120,0.0135124
-116,120,0.0166127
-114,120,0.0197743
-112,120,0.0229076
-110,120,0.0259474
-108,120,0.0288518
-106,120,0.0315955
-104,120,0.0341602
-102,120,0.0365244
-100,120,0.0386574
-98,120,0.0405176
-96,120,0.0420558
-94,120,0.0432214
-92,120,0.0439706
-90,120,0.0442742
-88,120,0.0441224
-86,120,0.0435264
-84,120,0.0425163
-82,120,0.0411354
-80,120,0.039432
-78,120,0.0374517
-76,120,0.0352312
-74,120,0.0327962
-72,120,0.0301642
-70,120,0.0273523
-68,120,0.0243873
-66,120,0.0213149
-64,120,0.0182049
-62,120,0.0151488
-60,120,0.0122513
-58,120,0.00961735
-56,120,0.00733918
-54,120,0.00548645
-52,120,0.00410192
-50,120,0.00320032
-48,120,0.0027678
-46,120,0.0027599
-44,120,0.0030988
-42,120,0.00367405
-40,120,0.0043516
-38,120,0.00499367
-36,120,0.00548709
-34,120,0.00577334
-32,120,0.00587088
-30,120,0.00588185
-28,120,0.0059787
-26,120,0.00637208
-24,120,0.0072672
-22,120,0.00881916
-20,120,0.0110993
-18,120,0.0140803
-16,120,0.0176434
-14,120,0.0216013
-12,120,0.0257314
-10,120,0.0298073
-8,120,0.0336243
-6,120,0.037014
-4,120,0.0398485
-2,120,0.0420341
0,120,0.0435008
2,120,0.0441885
4,120,0.0440385
6,120,0.0429938
8,120,0.0410114
10,120,0.0380877
12,120,0.0342896
14,120,0.0297827
16,120,0.0248424
18,120,0.0198343
20,120,0.015161
22,120,0.0111828
24,120,0.00813725
26,120,0.00608349
28,120,0.00489667
30,120,0.00431583
32,120,0.00402899
34,120,0.00376369
36,120,0.00335134
38,120,0.00274799
40,120,0.00201342
42,120,0.00126633
44,120,0.000637539
46,120,0.000237464
48,120,0.0001431
50,120,0.000400336
52,120,0.00103287
54,120,0.00204989
56,120,0.00344862
58,120,0.00521218
60,120,0.00730599
62,120,0.00967642
64,120,0.0122537
66,120,0.0149593
68,120,0.0177144
70,120,0.0204482
72,120,0.0231022
74,120,0.0256303
76,120,0.027995
78,120,0.0301629
80,120,0.0321003
82,120,0.0337712
84,120,0.0351383
86,120,0.0361666
88,120,0.0368283
90,120,0.0371073
92,120,0.0370023
94,120,0.0365272
96,120,0.035708
98,120,0.0345779
100,120,0.0331702
102,120,0.0315123
104,120,0.0296209
106,120,0.0275022
108,120,0.0251554
110,120,0.0225818
112,120,0.019796
114,120,0.0168377
116,120,0.0137798
118,120,0.0107312
120,120,0.00782962
122,120,0.00522735
124,120,0.00306994
126,120,0.0014728
128,120,0.000500655
130,120,0.000154525
132,120,0.000369166
134,120,0.00102149
136,120,0.00194802
138,120,0.00296782
140,120,0.00390736
142,120,0.00462417
144,120,0.00502741
146,120,0.00509365
148,120,0.00487621
150,120,0.00450557
152,120,0.00417919
154,120,0.0041401
156,120,0.00464641
158,120,0.00593614
160,120,0.00819292
162,120,0.0115176
164,120,0.0159095
166,120,0.0212573
168,120,0.0273416
170,120,0.0338457
172,120,0.0403766
174,120,0.0464943
176,120,0.0517497
178,120,0.0557287
180,120,0.058099
-180,122,0.0378002
-178,122,0.0382875
-176,122,0.037508
-174,122,0.035535
-172,122,0.0325729
-170,122,0.0289339
-168,122,0.0249958
-166,122,0.0211478
-164,122,0.017732
-162,122,0.0149951
-160,122,0.0130558
-158,122,0.0118974
-156,122,0.0113848
-154,122,0.0113013
-152,122,0.0113966
-150,122,0.0114355
-148,122,0.0112363
-146,122,0.0106935
-144,122,0.00978256
-142,122,0.00854962
-140,122,0.00709211
-138,122,0.0055366
-136,122,0.00401921
-134,122,0.00267095
-132,122,0.00160838
-130,122,0.000927545
-128,122,0.000699173
-126,122,0.000964107
-124,122,0.0017295
-122,122,0.00296777
-120,122,0.00462018
-118,122,0.00660573
-116,122,0.00883379
-114,122,0.0112173
-112,122,0.013683
-110,122,0.0161753
-108,122,0.0186549
-106,122,0.0210905
-104,122,0.0234505
-102,122,0.0256941
-100,122,0.0277678
-98,122,0.0296057
-96,122,0.0311355
-94,122,0.0322871
-92,122,0.0330032
-90,122,0.0332476
-88,122,0.0330114
-86,122,0.0323145
-84,122,0.0312026
-82,122,0.02974
-80,122,0.0280002
-78,122,0.0260547
-76,122,0.0239651
-74,122,0.0217768
-72,122,0.01952
-70,122,0.0172148
-68,122,0.0148802
-66,122,0.0125441
-64,122,0.0102507
-62,122,0.00806225
-60,122,0.0060546
-58,122,0.00430692
-56,122,0.00288987
-54,122,0.00185519
-52,122,0.00122956
-50,122,0.00101321
-48,122,0.00118132
-46,122,0.00168584
-44,122,0.00245614
-42,122,0.00339958
-40,122,0.00440462
-38,122,0.00535015
-36,122,0.00612216
-34,122,0.00663632
-32,122,0.00686101
-30,122,0.00683337
-28,122,0.00666158
-26,122,0.00650921
-24,122,0.00656332
-22,122,0.00699392
-20,122,0.00791605
-18,122,0.00936591
-16,122,0.0112974
-14,122,0.0135987
-12,122,0.016121
-10,122,0.0187099
-8,122,0.0212294
-6,122,0.0235732
-4,122,0.0256631
-2,122,0.0274374
0,122,0.0288359
2,122,0.0297867
4,122,0.0302008
6,122,0.0299781
8,122,0.0290265
10,122,0.0272914
12,122,0.0247895
14,122,0.021636
16,122,0.0180544
18,122,0.0143564
20,122,0.0108925
22,122,0.00798105
24,122,0.00583643
26,122,0.0045199
28,122,0.00393166
30,122,0.00384755
32,122,0.00398768
34,122,0.00409315
36,122,0.00398585
38,122,0.00359584
40,122,0.0029545
42,122,0.00216372
44,122,0.00135685
46,122,0.000664697
48,122,0.000194092
50,122,1.92665e-05
52,122,0.000182172
54,122,0.000696919
56,122,0.00155488
58,122,0.00272921
60,122,0.00417905
62,122,0.00585413
64,122,0.00769999
66,122,0.00966331
68,122,0.011696
70,122,0.0137573
72,122,0.0158131
74,122,0.0178329
76,122,0.0197854
78,122,0.0216348
80,122,0.0233378
82,122,0.0248446
84,122,0.0261011
86,122,0.027055
88,122,0.0276626
90,122,0.0278955
92,122,0.0277457
94,122,0.0272278
96,122,0.0263775
98,122,0.0252462
100,122,0.0238926
102,122,0.0223731
104,122,0.0207324
106,122,0.0189974
108,122,0.0171761
110,122,0.0152623
112,122,0.0132468
114,122,0.0111316
116,122,0.00894516
118,122,0.00675343
120,122,0.00466201
122,122,0.0028072
124,122,0.00133547
126,122,0.000374831
128,122,4.79945e-06
130,122,0.000233115
132,122,0.000986607
134,122,0.00212
136,122,0.0034412
138,122,0.00474667
140,122,0.00585753
142,122,0.00664769
144,122,0.00705881
146,122,0.00710161
148,122,0.00684695
150,122,0.00641191
152,122,0.00594462
154,122,0.00560997
156,122,0.00557576
158,122,0.00599844
160,122,0.00700781
162,122,0.00869152
164,122,0.0110808
166,122,0.0141396
168,122,0.0177591
170,122,0.0217583
172,122,0.0258925
174,122,0.0298697
176,122,0.0333754
178,122,0.0361049
180,122,0.0378002
-180,124,0.0158514
-178,124,0.015997
-176,124,0.0155638
-174,124,0.0146005
-172,124,0.013236
-170,124,0.0116663
-168,124,0.0101253
-166,124,0.00884579
-164,124,0.0080167
-162,124,0.00774735
-160,124,0.00804618
-158,124,0.00881999
-156,124,0.00989388
-154,124,0.0110472
-152,124,0.0120566
-150,124,0.0127356
-148,124,0.0129628
-146,124,0.0126919
-144,124,0.0119463
-142,124,0.0108018
-140,124,0.00936454
-138,124,0.0077514
-136,124,0.00607715
-134,124,0.00444859
-132,124,0.00296343
-130,124,0.00170996
-128,124,0.000764251
-126,124,0.000184043
-124,124,9.85397e-07
-122,124,0.000214728
-120,124,0.000792222
-118,124,0.00167378
-116,124,0.0027848
-114,124,0.00404972
-112,124,0.00540411
-110,124,0.00680125
-108,124,0.00821194
-106,124,0.00961847
-104,124,0.0110054
-102,124,0.0123507
-100,124,0.0136199
-98,124,0.0147658
-96,124,0.0157325
-94,124,0.0164635
-92,124,0.0169114
-90,124,0.0170466
-88,124,0.0168633
-86,124,0.0163807
-84,124,0.0156401
-82,124,0.0146975
-80,124,0.0136138
-78,124,0.0124445
-76,124,0.0112313
-74,124,0.00999852
-72,124,0.00875417
-70,124,0.00749722
-68,124,0.00622781
-66,124,0.00495796
-64,124,0.00371884
-62,124,0.00256172
-60,124,0.00155183
-58,124,0.000756755
-56,124,0.000233053
-54,124,1.57675e-05
-52,124,0.000113851
-50,124,0.000512155
-48,124,0.00117762
-46,124,0.00206563
-44,124,0.00312301
-42,124,0.00428641
-40,124,0.00547819
-38,124,0.00660431
-36,124,0.00755886
-34,124,0.00823803
-32,124,0.00856183
-30,124,0.00849809
-28,124,0.00807981
-26,124,0.00740802
-24,124,0.00663621
-22,124,0.00593904
-20,124,0.00547469
-18,124,0.00535257
-16,124,0.00561625
-14,124,0.00624516
-12,124,0.00717135
-10,124,0.00830296
-8,124,0.00954536
-6,124,0.0108139
-4,124,0.0120368
-2,124,0.0131505
0,124,0.0140916
2,124,0.0147905
4,124,0.0151707
6,124,0.0151546
8,124,0.014678
10,124,0.0137103
12,124,0.012276
14,124,0.01047
16,124,0.00846023
18,124,0.00646878
20,124,0.00473413
22,124,0.00345985
24,124,0.00276533
26,124,0.00265483
28,124,0.00301657
30,124,0.00365332
32,124,0.00433451
34,124,0.00485247
36,124,0.00506577
38,124,0.00491937
40,124,0.0044407
42,124,0.00371878
44,124,0.00287626
46,124,0.00204321
48,124,0.00133703
50,124,0.0008496
52,124,0.000640523
54,124,0.000735005
56,124,0.00112567
58,124,0.00177789
60,124,0.00263801
62,124,0.00364349
64,124,0.00473299
66,124,0.00585467
68,124,0.00697115
70,124,0.00806046
72,124,0.00911323
74,124,0.0101272
76,124,0.0111009
78,124,0.0120275
80,124,0.0128912
82,124,0.0136661
84,124,0.0143191
86,124,0.0148145
88,124,0.0151211
90,124,0.0152191
92,124,0.0151056
94,124,0.0147968
96,124,0.0143272
98,124,0.0137429
100,124,0.0130928
102,124,0.0124177
104,124,0.0117393
106,124,0.0110541
108,124,0.0103326
110,124,0.00952675
112,124,0.00858458
114,124,0.00747008
116,124,0.00618323
118,124,0.00477456
120,124,0.00334843
122,124,0.00205173
124,124,0.00104816
126,124,0.000483237
128,124,0.000448791
130,124,0.000957237
132,124,0.00193392
134,124,0.00323052
136,124,0.00465593
138,124,0.00601525
140,124,0.00714556
142,124,0.00793931
144,124,0.00835168
146,124,0.00839407
148,124,0.00812017
150,124,0.00761092
152,124,0.00696284
154,124,0.00628009
156,124,0.00566853
158,124,0.00522948
160,124,0.00505191
162,124,0.00520351
164,124,0.00572237
166,124,0.00661056
168,124,0.00783084
170,124,0.00930658
172,124,0.0109252
174,124,0.0125455
176,124,0.0140091
178,124,0.0151572
180,124,0.0158514
-180,126,0.00279905
-178,126,0.00273973
-176,126,0.00256014
-174,126,0.00229666
-172,126,0.00202434
-170,126,0.0018502
-168,126,0.00189714
-166,126,0.00228026
-164,126,0.00308022
-162,126,0.00431983
-160,126,0.0059504
-158,126,0.00785234
-156,126,0.00985137
-154,126,0.0117473
-152,126,0.0133486
-150,126,0.0145045
-148,126,0.0151265
-146,126,0.0151948
-144,126,0.0147503
-142,126,0.0138752
-140,126,0.0126722
-138,126,0.0112456
-136,126,0.00969135
-134,126,0.00809435
-132,126,0.00653178
-130,126,0.00507645
-128,126,0.00379708
-126,126,0.00275367
-124,126,0.00198917
-122,126,0.00152095
-120,126,0.00133596
-118,126,0.00139231
-116,126,0.00162757
-114,126,0.00197151
-112,126,0.00235968
-110,126,0.00274377
-108,126,0.00309634
-106,126,0.00340934
-104,126,0.0036878
-102,126,0.00394144
-100,126,0.00417706
-98,126,0.00439398
-96,126,0.00458328
-94,126,0.00473074
-92,126,0.00482182
-90,126,0.00484694
-88,126,0.00480531
-86,126,0.00470588
-84,126,0.00456525
-82,126,0.00440277
-80,126,0.00423445
-78,126,0.00406732
-76,126,0.00389635
-74,126,0.00370538
-72,126,0.00347242
-70,126,0.00317841
-68,126,0.00281714
-66,126,0.00240307
-64,126,0.00197408
-62,126,0.00158746
-60,126,0.00130972
-58,126,0.00120296
-56,126,0.00131229
-54,126,0.00165838
-52,126,0.00223733
-50,126,0.00302718
-48,126,0.00399747
-46,126,0.00511692
-44,126,0.00635534
-42,126,0.0076783
-40,126,0.00903697
-38,126,0.0103581
-36,126,0.0115404
-34,126,0.0124626
-32,126,0.0130036
-30,126,0.0130705
-28,126,0.0126268
-26,126,0.0117099
-24,126,0.01043
-22,126,0.00895036
-20,126,0.00745405
-18,126,0.00610726
-16,126,0.00503133
-14,126,0.00428918
-12,126,0.00388702
-10,126,0.00378674
-8,126,0.00392234
-6,126,0.00421493
-4,126,0.00458336
-2,126,0.00495054
0,126,0.00524692
2,126,0.00541303
4,126,0.00540248
6,126,0.00518606
8,126,0.00475701
10,126,0.00413688
12,126,0.00338034
14,126,0.00257658
16,126,0.00184369
18,126,0.0013136
20,126,0.00110736
22,126,0.00130519
24,126,0.0019199
26,126,0.0028838
28,126,0.00405612
30,126,0.00525135
32,126,0.00628033
34,126,0.0069915
36,126,0.00729947
38,126,0.0071944
40,126,0.0067327
42,126,0.00601605
44,126,0.00516725
46,126,0.00430948
48,126,0.00355147
50,126,0.00297815
52,126,0.00264508
54,126,0.00257555
56,126,0.00276043
58,126,0.00316161
60,126,0.0037192
62,126,0.00436168
64,126,0.00501743
66,126,0.00562501
68,126,0.00614069
70,126,0.00654169
72,126,0.0068254
74,126,0.00700508
76,126,0.00710375
78,126,0.00714748
80,126,0.00715986
82,126,0.00715846
84,126,0.00715395
86,126,0.0071516
88,126,0.00715447
90,126,0.00716726
92,126,0.0071992
94,126,0.00726498
96,126,0.00738266
98,126,0.00756853
100,126,0.00782978
102,126,0.00815649
104,126,0.00851548
106,126,0.00884853
108,126,0.00907703
110,126,0.00911393
112,126,0.00888187
114,126,0.00833409
116,126,0.00747331
118,126,0.00636256
120,126,0.00512336
122,126,0.00391937
124,126,0.00292744
126,126,0.00230248
128,126,0.00214484
130,126,0.00247911
132,126,0.00325003
134,126,0.00433607
136,126,0.00557612
138,126,0.00680096
140,126,0.0078611
142,126,0.00864528
144,126,0.00908797
146,126,0.00916812
148,126,0.00890283
150,126,0.00833949
152,126,0.00754764
154,126,0.00661092
156,126,0.00561819
158,126,0.0046543
160,126,0.00379141
162,126,0.00308251
164,126,0.00255826
166,126,0.00222716
168,126,0.00207807
170,126,0.0020837
172,126,0.00220411
174,126,0.00238993
176,126,0.00258629
178,126,0.00273829
180,126,0.00279905
-180,128,0.00031255
-178,128,0.000337734
-176,128,0.000433882
-174,128,0.000629493
-172,128,0.000968592
-170,128,0.00150777
-168,128,0.00230818
-166,128,0.00342272
-164,128,0.00488051
-162,128,0.00667216
-160,128,0.00874013
-158,128,0.0109779
-156,128,0.0132398
-154,128,0.0153605
-152,128,0.0171803
-150,128,0.0185704
-148,128,0.0194506
-146,128,0.0197978
-144,128,0.0196413
-142,128,0.0190498
-140,128,0.018114
-138,128,0.0169309
-136,128,0.0155932
-134,128,0.0141847
-132,128,0.012781
-130,128,0.0114514
-128,128,0.0102592
-126,128,0.00925931
-124,128,0.00849155
-122,128,0.00797406
-120,128,0.00769794
-118,128,0.00762661
-116,128,0.00770094
-114,128,0.00784929
-112,128,0.00800025
-110,128,0.00809466
-108,128,0.00809424
-106,128,0.00798517
-104,128,0.00777632
-102,128,0.00749371
-100,128,0.00717302
-98,128,0.00685222
-96,128,0.006566
-94,128,0.00634239
-92,128,0.00620153
-90,128,0.00615578
-88,128,0.00621015
-86,128,0.00636236
-84,128,0.0066023
-82,128,0.00691096
-80,128,0.00725983
-78,128,0.00761173
-76,128,0.00792382
-74,128,0.00815334
-72,128,0.00826545
-70,128,0.00824164
-68,128,0.00808664
-66,128,0.00783122
-64,128,0.00752955
-62,128,0.00725074
-60,128,0.00706663
-58,128,0.00703895
-56,128,0.00720981
-54,128,0.00759827
-52,128,0.00820363
-50,128,0.00901336
-48,128,0.0100118
-46,128,0.0111855
-44,128,0.0125212
-42,128,0.0139979
-40,128,0.0155733
-38,128,0.0171718
-36,128,0.0186786
-34,128,0.0199458
-32,128,0.0208126
-30,128,0.0211352
-28,128,0.0208203
-26,128,0.0198504
-24,128,0.0182939
-22,128,0.0162938
-20,128,0.0140414
-18,128,0.0117399
-16,128,0.00957029
-14,128,0.00766731
-12,128,0.00610772
-10,128,0.00491124
-8,128,0.00404979
-6,128,0.00346132
-4,128,0.00306507
-2,128,0.0027765
0,128,0.00252089
2,128,0.0022444
4,128,0.00192137
6,128,0.00155695
8,128,0.00118466
10,128,0.000859991
12,128,0.000651777
14,128,0.000632861
16,128,0.00087068
18,128,0.00141705
20,128,0.00229638
22,128,0.00349312
24,128,0.00494184
26,128,0.00652542
28,128,0.00808607
30,128,0.00944995
32,128,0.0104607
34,128,0.0110122
36,128,0.0110706
38,128,0.0106784
40,128,0.00994158
42,128,0.00900349
44,128,0.00801678
46,128,0.00711902
48,128,0.00641728
50,128,0.00598139
52,128,0.00584365
54,128,0.00600205
56,128,0.00642516
58,128,0.00705804
60,128,0.00782928
62,128,0.00865936
64,128,0.00946953
66,128,0.0101905
68,128,0.0107697
70,128,0.0111753
72,128,0.011398
74,128,0.0114495
76,128,0.0113583
78,128,0.0111647
80,128,0.0109152
82,128,0.0106571
84,128,0.0104351
86,128,0.0102883
88,128,0.0102493
90,128,0.0103432
92,128,0.010587
94,128,0.0109884
96,128,0.0115436
98,128,0.0122335
100,128,0.0130206
102,128,0.0138464
104,128,0.0146312
106,128,0.0152789
108,128,0.0156858
110,128,0.0157554
112,128,0.0154158
114,128,0.0146374
116,128,0.0134459
118,128,0.0119273
120,128,0.0102217
122,128,0.00850479
124,128,0.00696195
126,128,0.0057576
128,128,0.00500852
130,128,0.00476599
132,128,0.00501041
134,128,0.00565838
136,128,0.00657958
138,128,0.00761877
140,128,0.00861848
142,128,0.00943896
144,128,0.00997336
146,128,0.0101574
148,128,0.00997321
150,128,0.00944698
152,128,0.00864131
154,128,0.0076425
156,128,0.00654559
158,128,0.00543969
160,128,0.00439663
162,128,0.00346496
164,128,0.0026696
166,128,0.00201584
168,128,0.0014956
170,128,0.00109375
172,128,0.000792921
174,128,0.000576578
176,128,0.000430582
178,128,0.000344356
180,128,0.00031255
-180,130,0.00247715
-178,130,0.00270222
-176,130,0.00306521
-174,130,0.00358871
-172,130,0.00430082
-170,130,0.00523357
-168,130,0.00641897
-166,130,0.00788216
-164,130,0.00963234
-162,130,0.0116531
-160,130,0.0138948
-158,130,0.0162718
-156,130,0.0186673
-154,130,0.020944
-152,130,0.0229625
-150,130,0.0246001
-148,130,0.0257681
-146,130,0.0264235
-144,130,0.0265713
-142,130,0.0262603
-140,130,0.0255725
-138,130,0.0246103
-136,130,0.0234849
-134,130,0.0223065
-132,130,0.0211783
-130,130,0.0201919
-128,130,0.0194237
-126,130,0.0189313
-124,130,0.0187491
-122,130,0.0188846
-120,130,0.019316
-118,130,0.0199932
-116,130,0.0208434
-114,130,0.0217795
-112,130,0.0227121
-110,130,0.0235607
-108,130,0.0242637
-106,130,0.0247849
-104,130,0.0251147
-102,130,0.0252679
-100,130,0.025278
-98,130,0.0251899
-96,130,0.025052
-94,130,0.0249096
-92,130,0.0247993
-90,130,0.0247454
-88,130,0.0247573
-86,130,0.0248292
-84,130,0.0249398
-82,130,0.0250547
-80,130,0.0251291
-78,130,0.0251131
-76,130,0.0249582
-74,130,0.0246248
-72,130,0.0240904
-70,130,0.0233555
-68,130,0.0224475
-66,130,0.0214199
-64,130,0.0203467
-62,130,0.0193126
-60,130,0.0184023
-58,130,0.0176893
-56,130,0.0172293
-54,130,0.0170579
-52,130,0.017193
-50,130,0.0176402
-48,130,0.0183973
-46,130,0.0194555
-44,130,0.0207953
-42,130,0.0223775
-40,130,0.0241328
-38,130,0.0259517
-36,130,0.0276831
-34,130,0.0291427
-32,130,0.0301345
-30,130,0.0304814
-28,130,0.030059
-26,130,0.0288234
-24,130,0.026824
-22,130,0.0241986
-20,130,0.0211502
-18,130,0.0179131
-16,130,0.0147171
-14,130,0.0117564
-12,130,0.0091693
-10,130,0.00703
-8,130,0.00535036
-6,130,0.00409064
-4,130,0.0031759
-2,130,0.00251606
0,130,0.00202661
2,130,0.0016467
4,130,0.00135101
6,130,0.0011528
8,130,0.00109742
10,130,0.00124846
12,130,0.00167042
14,130,0.00241269
16,130,0.00349796
18,130,0.00491591
20,130,0.00662071
22,130,0.00853068
24,130,0.0105296
26,130,0.0124716
28,130,0.0141924
30,130,0.0155296
32,130,0.0163491
34,130,0.0165727
36,130,0.0161993
38,130,0.0153104
40,130,0.0140599
42,130,0.0126471
44,130,0.011283
46,130,0.0101571
48,130,0.00941274
50,130,0.00913385
52,130,0.0093443
54,130,0.0100157
56,130,0.0110802
58,130,0.0124447
60,130,0.014004
62,130,0.0156521
64,130,0.0172907
66,130,0.0188361
68,130,0.0202238
70,130,0.0214107
72,130,0.0223762
74,130,0.0231209
76,130,0.0236638
78,130,0.0240386
80,130,0.0242893
82,130,0.0244649
84,130,0.0246151
86,130,0.0247859
88,130,0.0250156
90,130,0.0253319
92,130,0.025749
94,130,0.0262651
96,130,0.0268602
98,130,0.0274948
100,130,0.0281096
102,130,0.028627
104,130,0.0289554
106,130,0.0289966
108,130,0.0286569
110,130,0.0278601
112,130,0.0265627
114,130,0.0247664
116,130,0.0225272
118,130,0.0199565
120,130,0.017214
122,130,0.0144914
124,130,0.0119893
126,130,0.00989085
128,130,0.00833602
130,130,0.00740264
132,130,0.007096
134,130,0.00734961
136,130,0.00803635
138,130,0.00898793
140,130,0.0100192
142,130,0.0109536
144,130,0.0116453
146,130,0.0119955
148,130,0.0119609
150,130,0.0115523
152,130,0.010826
154,130,0.00986851
156,130,0.00877918
158,130,0.00765359
160,130,0.00657106
162,130,0.0055878
164,130,0.00473595
166,130,0.00402718
168,130,0.00345878
170,130,0.00302044
172,130,0.00270004
174,130,0.00248782
176,130,0.00237869
178,130,0.00237312
180,130,0.00247715
-180,132,0.00323726
-178,132,0.00354843
-176,132,0.00403726
-174,132,0.00472407
-172,132,0.00563258
-170,132,0.00678826
-168,132,0.00821548
-166,132,0.00993272
-164,132,0.011946
-162,132,0.014241
-160,132,0.0167766
-158,132,0.0194801
-156,132,0.022248
-154,132,0.0249527
-152,132,0.0274548
-150,132,0.0296195
-148,132,0.031334
-146,132,0.0325234
-144,132,0.0331609
-142,132,0.0332717
-140,132,0.0329301
-138,132,0.0322502
-136,132,0.0313737
-134,132,0.0304554
-132,132,0.0296488
-130,132,0.0290934
-128,132,0.0289041
-126,132,0.0291624
-124,132,0.0299113
-122,132,0.0311522
-120,132,0.0328468
-118,132,0.0349209
-116,132,0.0372734
-114,132,0.0397866
-112,132,0.0423384
-110,132,0.0448142
-108,132,0.0471166
-106,132,0.0491724
-104,132,0.0509358
-102,132,0.0523876
-100,132,0.0535315
-98,132,0.0543885
-96,132,0.0549896
-94,132,0.0553687
-92,132,0.0555567
-90,132,0.0555759
-88,132,0.0554374
-86,132,0.0551392
-84,132,0.0546667
-82,132,0.0539955
-80,132,0.0530954
-78,132,0.0519359
-76,132,0.0504934
-74,132,0.0487577
-72,132,0.0467383
-70,132,0.0444692
-68,132,0.04201
-66,132,0.0394438
-64,132,0.0368715
-62,132,0.0344031
-60,132,0.0321476
-58,132,0.0302035
-56,132,0.028651
-54,132,0.0275484
-52,132,0.0269299
-50,132,0.0268066
-48,132,0.0271674
-46,132,0.027978
-44,132,0.0291783
-42,132,0.0306782
-40,132,0.0323527
-38,132,0.0340407
-36,132,0.03555
-34,132,0.0366708
-32,132,0.0371981
-30,132,0.0369607
-28,132,0.0358506
-26,132,0.0338459
-24,132,0.031021
-22,132,0.0275395
-20,132,0.0236319
-18,132,0.0195621
-16,132,0.0155911
-14,132,0.0119434
-12,132,0.00878309
-10,132,0.00620178
-8,132,0.00421787
-6,132,0.00278696
-4,132,0.00182035
-2,132,0.00120902
0,132,0.000849045
2,132,0.000664077
4,132,0.000620142
6,132,0.00072952
8,132,0.00104274
10,132,0.00163102
12,132,0.00256399
14,132,0.00388865
16,132,0.00561426
18,132,0.00770531
20,132,0.0100819
22,132,0.0126248
24,132,0.0151837
26,132,0.0175865
28,132,0.0196524
30,132,0.0212096
32,132,0.0221177
34,132,0.0222934
36,132,0.0217318
38,132,0.0205191
40,132,0.0188288
42,132,0.0169015
44,132,0.0150109
46,132,0.0134238
48,132,0.0123625
50,132,0.0119781
52,132,0.0123376
54,132,0.013427
56,132,0.0151654
58,132,0.0174255
60,132,0.0200567
62,132,0.0229044
64,132,0.0258255
66,132,0.0286985
68,132,0.0314281
70,132,0.0339466
72,132,0.0362124
74,132,0.0382068
76,132,0.0399301
78,132,0.0413973
80,132,0.0426338
82,132,0.0436709
84,132,0.0445416
86,132,0.0452771
88,132,0.0459028
90,132,0.0464353
92,132,0.0468794
94,132,0.0472263
96,132,0.0474516
98,132,0.0475153
100,132,0.0473627
102,132,0.0469276
104,132,0.046137
106,132,0.0449194
108,132,0.043214
110,132,0.0409828
112,132,0.0382222
114,132,0.0349734
116,132,0.0313287
118,132,0.0274322
120,132,0.0234718
122,132,0.0196634
124,132,0.0162274
126,132,0.0133618
128,132,0.0112144
130,132,0.00986161
132,132,0.00929701
134,132,0.00943221
136,132,0.0101107
138,132,0.0111317
140,132,0.0122784
142,132,0.0133469
144,132,0.0141696
146,132,0.0146311
148,132,0.0146744
150,132,0.0142991
152,132,0.0135524
154,132,0.0125153
156,132,0.011287
158,132,0.00996962
160,132,0.00865563
162,132,0.007419
164,132,0.00631148
166,132,0.00536293
168,132,0.00458494
170,132,0.00397646
172,132,0.0035298
174,132,0.00323602
176,132,0.00308899
178,132,0.00308773
180,132,0.00323726
-180,134,0.00207736
-178,134,0.00234465
-176,134,0.00275987
-174,134,0.00334338
-172,134,0.00412581
-170,134,0.00514552
-168,134,0.00644434
-166,134,0.00806137
-164,134,0.010025
-162,134,0.0123437
-160,134,0.0149977
-158,134,0.0179323
-156,134,0.0210561
-154,134,0.0242434
-152,134,0.0273449
-150,134,0.0302017
-148,134,0.0326651
-146,134,0.0346154
-144,134,0.0359799
-142,134,0.0367447
-140,134,0.0369595
-138,134,0.0367338
-136,134,0.0362266
-134,134,0.0356297
-132,134,0.0351475
-130,134,0.0349767
-128,134,0.0352869
-126,134,0.0362048
-124,134,0.0378044
-122,134,0.0401017
-120,134,0.0430568
-118,134,0.0465811
-116,134,0.0505481
-114,134,0.0548076
-112,134,0.0592004
-110,134,0.063571
-108,134,0.067779
-106,134,0.0717061
-104,134,0.0752607
-102,134,0.0783778
-100,134,0.0810173
-98,134,0.0831594
-96,134,0.0847999
-94,134,0.0859442
-92,134,0.0866023
-90,134,0.0867848
-88,134,0.0864994
-86,134,0.0857502
-84,134,0.0845376
-82,134,0.0828604
-80,134,0.0807186
-78,134,0.0781188
-76,134,0.0750785
-74,134,0.0716313
-72,134,0.0678317
-70,134,0.0637567
-68,134,0.0595069
-66,134,0.0552029
-64,134,0.0509799
-62,134,0.0469784
-60,134,0.0433346
-58,134,0.0401693
-56,134,0.037578
-54,134,0.0356241
-52,134,0.0343335
-50,134,0.0336931
-48,134,0.0336515
-46,134,0.0341203
-44,134,0.0349773
-42,134,0.03607
-40,134,0.0372198
-38,134,0.0382301
-36,134,0.0388974
-34,134,0.0390279
-32,134,0.0384583
-30,134,0.0370781
-28,134,0.0348498
-26,134,0.0318218
-24,134,0.0281288
-22,134,0.02398
-20,134,0.0196334
-18,134,0.0153627
-16,134,0.011421
-14,134,0.00800948
-12,134,0.00525499
-10,134,0.00320045
-8,134,0.00180862
-6,134,0.000977794
-4,134,0.000566485
-2,134,0.000422963
0,134,0.000414791
2,134,0.000453246
4,134,0.000508128
6,134,0.00061006
8,134,0.000839878
10,134,0.00130765
12,134,0.0021262
14,134,0.00338508
16,134,0.0051302
18,134,0.00735216
20,134,0.00998368
22,134,0.0129043
24,134,0.01595
26,134,0.0189258
28,134,0.0216207
30,134,0.0238265
32,134,0.02536
34,134,0.0260885
36,134,0.0259552
38,134,0.0249983
40,134,0.0233583
42,134,0.0212688
44,134,0.0190302
46,134,0.01697
48,134,0.0153981
50,134,0.0145649
52,134,0.0146328
54,134,0.0156628
56,134,0.0176187
58,134,0.0203855
60,134,0.0237949
62,134,0.0276533
64,134,0.0317663
66,134,0.0359571
68,134,0.0400777
70,134,0.0440134
72,134,0.0476819
74,134,0.0510301
76,134,0.0540281
78,134,0.0566639
80,134,0.0589376
82,134,0.0608567
84,134,0.0624326
86,134,0.063677
88,134,0.0645991
90,134,0.0652037
92,134,0.0654892
94,134,0.0654461
96,134,0.065056
98,134,0.0642922
100,134,0.0631203
102,134,0.0615014
104,134,0.0593968
106,134,0.0567742
108,134,0.0536171
110,134,0.0499338
112,134,0.0457681
114,134,0.0412071
116,134,0.0363853
118,134,0.0314823
120,134,0.0267127
122,134,0.0223068
124,134,0.018485
126,134,0.0154294
128,134,0.013257
130,134,0.0120014
132,134,0.0116066
134,134,0.0119353
136,134,0.0127886
138,134,0.0139353
140,134,0.0151416
142,134,0.0161985
144,134,0.0169415
146,134,0.0172614
148,134,0.0171074
150,134,0.0164838
152,134,0.0154411
154,134,0.0140654
156,134,0.0124644
158,134,0.0107541
160,134,0.00904521
162,134,0.00743279
164,134,0.00598889
166,134,0.00475947
168,134,0.00376542
170,134,0.00300668
172,134,0.0024685
174,134,0.00212822
176,134,0.00196177
178,134,0.00194897
180,134,0.00207736
-180,136,0.00350838
-178,136,0.00380895
-176,136,0.00405737
-174,136,0.00427072
-172,136,0.00449472
-170,136,0.00479973
-168,136,0.00527336
-166,136,0.00600999
-164,136,0.00709813
-162,136,0.00860682
-160,136,0.0105727
-158,136,0.0129895
-156,136,0.0158021
-154,136,0.0189062
-152,136,0.0221554
-150,136,0.0253743
-148,136,0.0283782
-146,136,0.0309963
-144,136,0.0330943
-142,136,0.0345951
-140,136,0.0354922
-138,136,0.0358539
-136,136,0.0358186
-134,136,0.0355801
-132,136,0.0353662
-130,136,0.0354131
-128,136,0.0359392
-126,136,0.0371226
-124,136,0.0390835
-122,136,0.0418749
-120,136,0.0454814
-118,136,0.0498256
-116,136,0.0547797
-114,136,0.0601808
-112,136,0.0658477
-110,136,0.0715953
-108,136,0.0772477
-106,136,0.0826468
-104,136,0.0876574
-102,136,0.0921698
-100,136,0.0960989
-98,136,0.099382
-96,136,0.101975
-94,136,0.103851
-92,136,0.104993
-90,136,0.105395
-88,136,0.105057
-86,136,0.103988
-84,136,0.102201
-82,136,0.0997184
-80,136,0.0965736
-78,136,0.0928117
-76,136,0.0884943
-74,136,0.0837016
-72,136,0.0785344
-70,136,0.0731147
-68,136,0.0675833
-66,136,0.0620957
-64,136,0.0568143
-62,136,0.051899
-60,136,0.0474953
-58,136,0.0437222
-56,136,0.0406619
-54,136,0.0383511
-52,136,0.0367767
-50,136,0.0358764
-48,136,0.0355422
-46,136,0.0356283
-44,136,0.0359614
-42,136,0.0363519
-40,136,0.0366063
-38,136,0.0365404
-36,136,0.0359932
-34,136,0.0348411
-32,136,0.0330122
-30,136,0.0304983
-28,136,0.0273622
-26,136,0.0237382
-24,136,0.0198233
-22,136,0.0158582
-20,136,0.0121006
-18,136,0.00879222
-16,136,0.00612705
-14,136,0.00422397
-12,136,0.00311027
-10,136,0.00271888
-8,136,0.00290033
-6,136,0.00344781
-4,136,0.00413126
-2,136,0.00473501
0,136,0.00509252
2,136,0.0051124
4,136,0.0047913
6,136,0.0042117
8,136,0.00352526
10,136,0.00292538
12,136,0.00261435
14,136,0.00277105
16,136,0.00352463
18,136,0.00493724
20,136,0.00699687
22,136,0.00961908
24,136,0.0126554
26,136,0.0159061
28,136,0.0191367
30,136,0.0220972
32,136,0.0245457
34,136,0.0262749
36,136,0.0271409
38,136,0.0270889
40,136,0.0261711
42,136,0.0245502
44,136,0.0224865
46,136,0.0203071
48,136,0.0183629
50,136,0.0169818
52,136,0.0164262
54,136,0.0168637
56,136,0.0183544
58,136,0.0208559
60,136,0.0242421
62,136,0.02833
64,136,0.0329086
66,136,0.0377647
68,136,0.0427016
70,136,0.0475516
72,136,0.0521806
74,136,0.0564873
76,136,0.0604002
78,136,0.0638713
80,136,0.0668707
82,136,0.0693811
84,136,0.0713939
86,136,0.0729054
88,136,0.0739145
90,136,0.0744207
92,136,0.0744229
94,136,0.0739183
96,136,0.072902
98,136,0.0713673
100,136,0.0693067
102,136,0.0667145
104,136,0.0635908
106,136,0.0599471
108,136,0.0558137
110,136,0.0512469
112,136,0.0463364
114,136,0.0412097
116,136,0.0360316
118,136,0.0309982
120,136,0.0263217
122,136,0.0222102
124,136,0.0188422
126,136,0.0163415
128,136,0.0147573
130,136,0.0140547
132,136,0.0141168
134,136,0.0147608
136,136,0.0157621
138,136,0.0168838
140,136,0.0179038
142,136,0.0186375
144,136,0.0189514
146,136,0.0187701
148,136,0.0180755
150,136,0.0169023
152,136,0.0153297
154,136,0.0134703
156,136,0.0114572
158,136,0.00942991
160,136,0.00751997
162,136,0.00583799
164,136,0.00446388
166,136,0.00344132
168,136,0.00277694
170,136,0.00244386
172,136,0.00238887
174,136,0.00254172
176,136,0.00282565
178,136,0.00316775
180,136,0.00350838
-180,138,0.0123837
-178,138,0.0130112
-176,138,0.0131767
-174,138,0.0128866
-172,138,0.0122036
-170,138,0.0112418
-168,138,0.0101548
-166,138,0.00912013
-164,138,0.00832006
-162,138,0.00792186
-160,138,0.00805843
-158,138,0.00881203
-156,138,0.0102027
-154,138,0.0121831
-152,138,0.0146408
-150,138,0.017409
-148,138,0.0202849
-146,138,0.0230539
-144,138,0.0255176
-142,138,0.0275208
-140,138,0.0289743
-138,138,0.0298687
-136,138,0.0302779
-134,138,0.0303511
-132,138,0.0302937
-130,138,0.0303422
-128,138,0.0307344
-126,138,0.0316822
-124,138,0.0333482
-122,138,0.0358313
-120,138,0.03916
-118,138,0.043295
-116,138,0.0481384
-114,138,0.0535474
-112,138,0.0593498
-110,138,0.0653596
-108,138,0.0713901
-106,138,0.0772642
-104,138,0.0828212
-102,138,0.0879209
-100,138,0.0924451
-98,138,0.0962974
-96,138,0.0994019
-94,138,0.101702
-92,138,0.103158
-90,138,0.103748
-88,138,0.103463
-86,138,0.102313
-84,138,0.100319
-82,138,0.0975242
-80,138,0.0939846
-78,138,0.0897773
-76,138,0.0849985
-74,138,0.0797644
-72,138,0.0742104
-70,138,0.0684881
-68,138,0.0627614
-66,138,0.0571992
-64,138,0.0519666
-62,138,0.0472134
-60,138,0.0430632
-58,138,0.0396015
-56,138,0.0368671
-54,138,0.034847
-52,138,0.0334755
-50,138,0.0326395
-48,138,0.0321882
-46,138,0.0319465
-44,138,0.0317304
-42,138,0.0313632
-40,138,0.0306909
-38,138,0.0295944
-36,138,0.0280011
-34,138,0.0258918
-32,138,0.0233053
-30,138,0.020339
-28,138,0.0171448
-26,138,0.0139194
-24,138,0.0108886
-22,138,0.008286
-20,138,0.0063268
-18,138,0.00517925
-16,138,0.00493798
-14,138,0.00560346
-12,138,0.00707229
-10,138,0.00914173
-8,138,0.0115299
-6,138,0.0139095
-4,138,0.0159516
-2,138,0.017371
0,138,0.0179671
2,138,0.0176525
4,138,0.0164641
6,138,0.0145561
8,138,0.0121756
10,138,0.00962688
12,138,0.00722993
14,138,0.00528058
16,138,0.00401785
18,138,0.0036016
20,138,0.00410162
22,138,0.00549664
24,138,0.00768125
26,138,0.010478
28,138,0.0136534
30,138,0.0169372
32,138,0.0200449
34,138,0.0227047
36,138,0.0246865
38,138,0.0258314
40,138,0.0260762
42,138,0.0254686
44,138,0.0241669
46,138,0.0224236
48,138,0.0205532
50,138,0.0188907
52,138,0.017747
54,138,0.0173703
56,138,0.0179197
58,138,0.0194547
60,138,0.0219396
62,138,0.0252604
64,138,0.0292483
66,138,0.0337052
68,138,0.0384271
70,138,0.0432211
72,138,0.0479176
74,138,0.0523753
76,138,0.0564825
78,138,0.0601547
80,138,0.0633307
82,138,0.0659683
84,138,0.0680402
86,138,0.0695307
88,138,0.0704324
90,138,0.0707448
92,138,0.0704724
94,138,0.0696237
96,138,0.0682109
98,138,0.0662498
100,138,0.063761
102,138,0.0607718
104,138,0.0573187
106,138,0.0534521
108,138,0.0492402
110,138,0.0447735
112,138,0.0401676
114,138,0.0355629
116,138,0.0311199
118,138,0.0270097
120,138,0.0233987
122,138,0.0204303
124,138,0.0182056
126,138,0.0167667
128,138,0.0160873
130,138,0.0160714
132,138,0.0165639
134,138,0.0173681
136,138,0.0182701
138,138,0.019063
140,138,0.0195691
142,138,0.0196562
144,138,0.0192469
146,138,0.0183216
148,138,0.0169166
150,138,0.015118
152,138,0.0130523
154,138,0.0108741
156,138,0.00875226
158,138,0.00685331
160,138,0.00532536
162,138,0.004283
164,138,0.0037954
166,138,0.00387903
168,138,0.00449591
170,138,0.00555763
172,138,0.00693455
174,138,0.00846937
176,138,0.00999344
178,138,0.0113445
180,138,0.0123837
-180,140,0.0296671
-178,140,0.0309304
-176,140,0.0311868
-174,140,0.0304248
-172,140,0.0287209
-170,140,0.0262315
-168,140,0.0231789
-166,140,0.0198304
-164,140,0.016473
-162,140,0.0133881
-160,140,0.0108252
-158,140,0.00897939
-156,140,0.00797352
-154,140,0.00784692
-152,140,0.00855232
-150,140,0.00996193
-148,140,0.0118829
-146,140,0.0140812
-144,140,0.0163113
-142,140,0.018348
-140,140,0.0200161
-138,140,0.021213
-136,140,0.021921
-134,140,0.0222071
-132,140,0.0222115
-130,140,0.0221255
-128,140,0.0221646
-126,140,0.0225398
-124,140,0.0234329
-122,140,0.0249767
-120,140,0.0272448
-118,140,0.0302483
-116,140,0.0339405
-114,140,0.038226
-112,140,0.0429735
-110,140,0.0480285
-108,140,0.0532258
-106,140,0.0583999
-104,140,0.0633926
-102,140,0.0680585
-100,140,0.0722685
-98,140,0.0759116
-96,140,0.0788961
-94,140,0.0811493
-92,140,0.0826183
-90,140,0.0832697
-88,140,0.0830904
-86,140,0.0820876
-84,140,0.0802894
-82,140,0.0777453
-80,140,0.0745262
-78,140,0.070724
-76,140,0.0664505
-74,140,0.0618354
-72,140,0.057023
-70,140,0.0521666
-68,140,0.0474225
-66,140,0.0429412
-64,140,0.0388581
-62,140,0.0352829
-60,140,0.0322903
-58,140,0.0299121
-56,140,0.0281324
-54,140,0.0268876
-52,140,0.026071
-50,140,0.0255432
-48,140,0.0251451
-46,140,0.0247151
-44,140,0.024106
-42,140,0.0232004
-40,140,0.0219231
-38,140,0.0202497
-36,140,0.0182101
-34,140,0.0158873
-32,140,0.0134132
-30,140,0.0109595
-28,140,0.00872631
-26,140,0.00692762
-24,140,0.00577358
-22,140,0.00545035
-20,140,0.00609789
-18,140,0.00778745
-16,140,0.0105016
-14,140,0.0141207
-12,140,0.0184192
-10,140,0.0230762
-8,140,0.0277006
-6,140,0.0318706
-4,140,0.0351811
-2,140,0.0372948
0,140,0.0379863
2,140,0.0371721
4,140,0.0349224
6,140,0.0314508
8,140,0.0270863
10,140,0.0222311
12,140,0.0173131
14,140,0.0127397
16,140,0.00885938
18,140,0.00593474
20,140,0.00412773
22,140,0.00349612
24,140,0.00399853
26,140,0.00550537
28,140,0.00781374
30,140,0.0106654
32,140,0.0137678
34,140,0.0168184
36,140,0.0195318
38,140,0.0216689
40,140,0.0230631
42,140,0.0236416
44,140,0.0234351
46,140,0.0225747
48,140,0.0212742
50,140,0.0198004
52,140,0.0184371
54,140,0.0174475
56,140,0.0170438
58,140,0.0173656
60,140,0.0184717
62,140,0.0203432
64,140,0.0228961
66,140,0.0259989
68,140,0.0294927
70,140,0.0332085
72,140,0.0369823
74,140,0.0406652
76,140,0.0441288
78,140,0.0472681
80,140,0.050001
82,140,0.0522668
84,140,0.0540237
86,140,0.0552461
88,140,0.0559225
90,140,0.0560529
92,140,0.0556476
94,140,0.0547258
96,140,0.0533142
98,140,0.0514475
100,140,0.0491676
102,140,0.0465247
104,140,0.0435783
106,140,0.0403988
108,140,0.0370686
110,140,0.0336827
112,140,0.0303478
114,140,0.0271789
116,140,0.0242928
118,140,0.0217998
120,140,0.0197912
122,140,0.0183282
124,140,0.0174309
126,140,0.017071
128,140,0.0171709
130,140,0.0176089
132,140,0.0182307
134,140,0.018866
136,140,0.0193474
138,140,0.0195283
140,140,0.0192984
142,140,0.0185948
144,140,0.0174077
146,140,0.0157819
148,140,0.0138133
150,140,0.0116421
152,140,0.00944239
154,140,0.00740868
156,140,0.00573951
158,140,0.00461953
160,140,0.00420113
162,140,0.00458753
164,140,0.00581916
166,140,0.00786521
168,140,0.0106216
170,140,0.0139162
172,140,0.0175209
174,140,0.0211702
176,140,0.0245841
178,140,0.0274938
180,140,0.0296671
-180,142,0.0514482
-178,142,0.0534454
-176,142,0.0539126
-174,142,0.0528193
-172,142,0.0502467
-170,142,0.0463793
-168,142,0.0414896
-166,142,0.0359136
-164,142,0.0300236
-162,142,0.0241974
-160,142,0.018788
-158,142,0.0140966
-156,142,0.0103487
-154,142,0.00767787
-152,142,0.00611736
-150,142,0.00560106
-148,142,0.00597507
-146,142,0.00701859
-144,142,0.00847247
-142,142,0.0100719
-140,142,0.0115791
-138,142,0.0128109
-136,142,0.013658
-134,142,0.0140925
-132,142,0.0141642
-130,142,0.0139866
-128,142,0.013715
-126,142,0.0135229
-124,142,0.0135771
-122,142,0.0140188
-120,142,0.0149493
-118,142,0.0164227
-116,142,0.0184454
-114,142,0.02098
-112,142,0.0239527
-110,142,0.0272628
-108,142,0.0307919
-106,142,0.0344131
-104,142,0.0379979
-102,142,0.0414223
-100,142,0.0445718
-98,142,0.0473436
-96,142,0.04965
-94,142,0.0514197
-92,142,0.0525993
-90,142,0.0531545
-88,142,0.0530711
-86,142,0.0523559
-84,142,0.0510368
-82,142,0.049163
-80,142,0.0468038
-78,142,0.0440477
-76,142,0.0409991
-74,142,0.037775
-72,142,0.0344995
-70,142,0.0312985
-68,142,0.0282915
-66,142,0.0255839
-64,142,0.0232589
-62,142,0.0213698
-60,142,0.019934
-58,142,0.0189299
-56,142,0.0182971
-54,142,0.0179409
-52,142,0.0177414
-50,142,0.0175659
-48,142,0.0172841
-46,142,0.0167837
-44,142,0.0159853
-42,142,0.0148532
-40,142,0.0134023
-38,142,0.0116999
-36,142,0.00986164
-34,142,0.00804386
-32,142,0.00643197
-30,142,0.00522726
-28,142,0.00463234
-26,142,0.00483596
-24,142,0.00599733
-22,142,0.00822993
-20,142,0.0115852
-18,142,0.0160367
-16,142,0.0214678
-14,142,0.0276644
-12,142,0.0343166
-10,142,0.041033
-8,142,0.0473672
-6,142,0.0528565
-4,142,0.0570687
-2,142,0.0596503
0,142,0.0603692
2,142,0.0591441
4,142,0.0560562
6,142,0.0513402
8,142,0.0453576
10,142,0.0385557
12,142,0.0314205
14,142,0.0244292
16,142,0.0180095
18,142,0.0125093
20,142,0.00817757
22,142,0.00515714
24,142,0.0034856
26,142,0.00310346
28,142,0.00386643
30,142,0.00556105
32,142,0.00792316
34,142,0.0106591
36,142,0.0134695
38,142,0.016075
40,142,0.0182417
42,142,0.0198028
44,142,0.0206743
46,142,0.0208608
48,142,0.0204501
50,142,0.0195976
52,142,0.0185024
54,142,0.0173791
56,142,0.0164302
58,142,0.0158233
60,142,0.0156755
62,142,0.0160464
64,142,0.0169394
66,142,0.0183096
68,142,0.0200747
70,142,0.0221288
72,142,0.0243544
74,142,0.0266335
76,142,0.0288554
78,142,0.0309228
80,142,0.0327542
82,142,0.034286
84,142,0.035472
86,142,0.0362827
88,142,0.0367039
90,142,0.0367357
92,142,0.0363902
94,142,0.0356904
96,142,0.0346688
98,142,0.033366
100,142,0.0318298
102,142,0.0301139
104,142,0.0282776
106,142,0.0263847
108,142,0.0245025
110,142,0.0227002
112,142,0.021046
114,142,0.0196044
116,142,0.0184305
118,142,0.0175649
120,142,0.0170277
122,142,0.0168135
124,142,0.0168878
126,142,0.0171868
128,142,0.0176204
130,142,0.0180791
132,142,0.0184439
134,142,0.0185983
136,142,0.0184412
138,142,0.0178988
140,142,0.0169337
142,142,0.0155527
144,142,0.013809
146,142,0.0118031
148,142,0.00967815
150,142,0.00761301
152,142,0.00581102
154,142,0.0044858
156,142,0.00384424
158,142,0.00406767
160,142,0.00529284
162,142,0.00759433
164,142,0.0109705
166,142,0.0153351
168,142,0.0205154
170,142,0.0262593
172,142,0.0322496
174,142,0.0381266
176,142,0.043516
178,142,0.04806
180,142,0.0514482
-180,144,0.071116
-178,144,0.0736532
-176,144,0.0743204
-174,144,0.0730718
-172,144,0.0699819
-170,144,0.0652394
-168,144,0.0591316
-166,144,0.0520215
-164,144,0.0443203
-162,144,0.0364562
-160,144,0.0288432
-158,144,0.0218514
-156,144,0.0157813
-154,144,0.0108439
-152,144,0.00714812
-150,144,0.00469776
-148,144,0.00339817
-146,144,0.00307241
-144,144,0.00348554
-142,144,0.0043741
-140,144,0.0054771
-138,144,0.00656456
-136,144,0.0074597
-134,144,0.00805244
-132,144,0.00830282
-130,144,0.00823525
-128,144,0.00792527
-126,144,0.00748193
-124,144,0.00702878
-122,144,0.00668624
-120,144,0.00655747
-118,144,0.00671879
-116,144,0.00721474
-114,144,0.00805743
-112,144,0.00922912
-110,144,0.010687
-108,144,0.012369
-106,144,0.0142
-104,144,0.0160977
-102,144,0.0179776
-100,144,0.0197577
-98,144,0.0213619
-96,144,0.0227231
-94,144,0.0237859
-92,144,0.0245083
-90,144,0.0248634
-88,144,0.0248407
-86,144,0.024447
-84,144,0.0237061
-82,144,0.0226586
-80,144,0.0213606
-78,144,0.0198808
-76,144,0.0182982
-74,144,0.016697
-72,144,0.0151618
-70,144,0.0137718
-68,144,0.0125946
-66,144,0.0116799
-64,144,0.011054
-62,144,0.0107162
-60,144,0.0106363
-58,144,0.010756
-56,144,0.010993
-54,144,0.0112483
-52,144,0.011417
-50,144,0.0114011
-48,144,0.0111224
-46,144,0.010535
-44,144,0.00963521
-42,144,0.0084665
-40,144,0.00712041
-38,144,0.00573177
-36,144,0.00446965
-34,144,0.00352485
-32,144,0.00309573
-30,144,0.00337354
-28,144,0.00452842
-26,144,0.00669651
-24,144,0.00996825
-22,144,0.0143777
-20,144,0.0198924
-18,144,0.0264057
-16,144,0.03373
-14,144,0.0415968
-12,144,0.0496621
-10,144,0.0575214
-8,144,0.0647345
-6,144,0.070859
-4,144,0.075489
-2,144,0.0782959
0,144,0.0790633
2,144,0.0777124
4,144,0.0743127
6,144,0.0690768
8,144,0.0623392
10,144,0.0545239
12,144,0.0461045
14,144,0.037563
16,144,0.029352
18,144,0.0218643
20,144,0.0154113
22,144,0.0102108
24,144,0.00638271
26,144,0.00395135
28,144,0.00285311
30,144,0.00294757
32,144,0.00403188
34,144,0.00585796
36,144,0.00815232
38,144,0.0106377
40,144,0.013055
42,144,0.0151846
44,144,0.0168627
46,144,0.0179927
48,144,0.0185484
50,144,0.0185693
52,144,0.0181484
54,144,0.0174154
56,144,0.0165171
58,144,0.0155978
60,144,0.014784
62,144,0.0141726
64,144,0.0138253
66,144,0.0137676
68,144,0.0139923
70,144,0.014466
72,144,0.0151362
74,144,0.0159392
76,144,0.0168078
78,144,0.0176767
80,144,0.0184869
82,144,0.0191893
84,144,0.0197463
86,144,0.0201325
88,144,0.0203349
90,144,0.0203521
92,144,0.0201932
94,144,0.0198766
96,144,0.0194282
98,144,0.01888
100,144,0.0182675
102,144,0.0176289
104,144,0.0170025
106,144,0.0164254
108,144,0.0159317
110,144,0.0155505
112,144,0.0153042
114,144,0.0152061
116,144,0.0152589
118,144,0.0154526
120,144,0.0157628
122,144,0.0161508
124,144,0.0165638
126,144,0.0169377
128,144,0.0172008
130,144,0.0172801
132,144,0.0171076
134,144,0.0166281
136,144,0.015807
138,144,0.0146371
140,144,0.0131438
142,144,0.0113889
144,144,0.00947161
146,144,0.00752719
148,144,0.00572229
150,144,0.00424735
152,144,0.00330578
154,144,0.00310016
156,144,0.00381617
158,144,0.00560507
160,144,0.00856624
162,144,0.0127313
164,144,0.0180518
166,144,0.024392
168,144,0.0315292
170,144,0.0391607
172,144,0.0469202
174,144,0.0544009
176,144,0.061184
178,144,0.0668711
180,144,0.071116
-180,146,0.0828529
-178,146,0.0855381
-176,146,0.0862798
-174,146,0.0850243
-172,146,0.0818309
-170,146,0.0768673
-168,146,0.070398
-166,146,0.0627651
-164,146,0.0543643
-162,146,0.0456172
-160,146,0.0369425
-158,146,0.0287284
-156,146,0.0213067
-154,146,0.0149327
-152,146,0.00977038
-150,146,0.00588603
-148,146,0.00325031
-146,146,0.00174854
-144,146,0.0011986
-142,146,0.00137435
-140,146,0.00203147
-138,146,0.00293299
-136,146,0.00387115
-134,146,0.00468341
-132,146,0.00526124
-130,146,0.00555142
-128,146,0.00555095
-126,146,0.00529713
-124,146,0.00485495
-122,146,0.00430387
-120,146,0.00372576
-118,146,0.00319511
-116,146,0.00277216
-114,146,0.00249898
-112,146,0.00239826
-110,146,0.00247409
-108,146,0.00271437
-106,146,0.00309393
-104,146,0.00357821
-102,146,0.00412686
-100,146,0.00469721
-98,146,0.00524738
-96,146,0.00573909
-94,146,0.00613999
-92,146,0.00642564
-90,146,0.00658102
-88,146,0.00660157
-86,146,0.00649365
-84,146,0.00627445
-82,146,0.0059711
-80,146,0.00561913
-78,146,0.00526006
-76,146,0.00493839
-74,146,0.00469781
-72,146,0.00457714
-70,146,0.00460592
-68,146,0.0048004
-66,146,0.00516
-64,146,0.00566502
-62,146,0.00627599
-60,146,0.0069351
-58,146,0.00757005
-56,146,0.00810034
-54,146,0.00844574
-52,146,0.00853627
-50,146,0.00832275
-48,146,0.00778651
-46,146,0.00694706
-44,146,0.00586632
-42,146,0.00464865
-40,146,0.00343624
-38,146,0.00240038
-36,146,0.0017293
-34,146,0.00161426
-32,146,0.00223512
-30,146,0.00374697
-28,146,0.00626864
-26,146,0.00987353
-24,146,0.0145826
-22,146,0.0203595
-20,146,0.0271066
-18,146,0.0346637
-16,146,0.042808
-14,146,0.0512581
-12,146,0.0596821
-10,146,0.0677114
-8,146,0.0749609
-6,146,0.081054
-4,146,0.0856511
-2,146,0.0884783
0,146,0.0893531
2,146,0.0882024
4,146,0.0850718
6,146,0.0801234
8,146,0.0736227
10,146,0.065917
12,146,0.057407
14,146,0.0485173
16,146,0.0396655
18,146,0.031237
20,146,0.0235632
22,146,0.016907
24,146,0.0114534
26,146,0.00730568
28,146,0.00448695
30,146,0.00294472
32,146,0.00255975
34,146,0.00315782
36,146,0.00452449
38,146,0.00642193
40,146,0.00860719
42,146,0.0108503
44,146,0.0129506
46,146,0.0147502
48,146,0.0161414
50,146,0.0170704
52,146,0.0175336
54,146,0.0175706
56,146,0.0172526
58,146,0.0166701
60,146,0.0159202
62,146,0.0150955
64,146,0.0142759
66,146,0.0135234
68,146,0.0128798
70,146,0.0123671
72,146,0.01199
74,146,0.0117397
76,146,0.0115976
78,146,0.0115398
80,146,0.0115409
82,146,0.0115769
84,146,0.0116276
86,146,0.0116782
88,146,0.01172
90,146,0.0117507
92,146,0.0117737
94,146,0.0117972
96,146,0.0118331
98,146,0.0118953
100,146,0.011998
102,146,0.0121541
104,146,0.012374
106,146,0.0126634
108,146,0.0130229
110,146,0.013447
112,146,0.0139231
114,146,0.0144319
116,146,0.014947
118,146,0.0154357
120,146,0.01586
122,146,0.0161779
124,146,0.0163455
126,146,0.0163201
128,146,0.0160628
130,146,0.0155433
132,146,0.0147432
134,146,0.0136607
136,146,0.0123141
138,146,0.0107458
140,146,0.00902382
142,146,0.00724328
144,146,0.0055254
146,146,0.00401471
148,146,0.00287399
150,146,0.00227669
152,146,0.0023972
154,146,0.00339886
156,146,0.00542059
158,146,0.00856278
160,146,0.0128736
162,146,0.0183372
164,146,0.0248645
166,146,0.0322895
168,146,0.0403704
170,146,0.0487975
172,146,0.0572082
174,146,0.0652075
176,146,0.0723937
178,146,0.0783859
180,146,0.0828529
-180,148,0.0843024
-178,148,0.0867168
-176,148,0.0873547
-174,148,0.0861643
-172,148,0.0831867
-170,148,0.0785545
-168,148,0.0724839
-166,148,0.0652612
-164,148,0.0572249
-162,148,0.0487435
-160,148,0.0401928
-158,148,0.0319319
-156,148,0.0242811
-154,148,0.0175029
-152,148,0.0117877
-150,148,0.00724489
-148,148,0.00390125
-146,148,0.00170544
-144,148,0.000539305
-142,148,0.000233887
-140,148,0.000588734
-138,148,0.0013921
-136,148,0.00243991
-134,148,0.00355154
-132,148,0.00458103
-130,148,0.0054232
-128,148,0.00601472
-126,148,0.0063309
-124,148,0.00637935
-122,148,0.00619185
-120,148,0.00581567
-118,148,0.00530549
-116,148,0.00471648
-114,148,0.00409907
-112,148,0.00349551
-110,148,0.00293807
-108,148,0.00244857
-106,148,0.00203906
-104,148,0.00171317
-102,148,0.0014679
-100,148,0.00129571
-98,148,0.00118648
-96,148,0.00112949
-94,148,0.00111511
-92,148,0.0011362
-90,148,0.0011892
-88,148,0.00127474
-86,148,0.00139781
-84,148,0.0015674
-82,148,0.00179563
-80,148,0.00209632
-78,148,0.00248309
-76,148,0.00296704
-74,148,0.00355427
-72,148,0.00424328
-70,148,0.00502272
-68,148,0.00586958
-66,148,0.00674843
-64,148,0.00761174
-62,148,0.00840181
-60,148,0.0090543
-58,148,0.00950347
-56,148,0.00968888
-54,148,0.00956301
-52,148,0.00909922
-50,148,0.00829906
-48,148,0.00719786
-46,148,0.00586778
-44,148,0.00441741
-42,148,0.0029877
-40,148,0.00174418
-38,148,0.000866223
-36,148,0.000534309
-34,148,0.000916704
-32,148,0.00215687
-30,148,0.00436275
-28,148,0.00759871
-26,148,0.0118803
-24,148,0.0171719
-22,148,0.0233862
-20,148,0.0303864
-18,148,0.0379886
-16,148,0.0459668
-14,148,0.0540592
-12,148,0.061977
-10,148,0.0694153
-8,148,0.0760679
-6,148,0.0816435
-4,148,0.0858835
-2,148,0.0885804
0,148,0.0895928
2,148,0.0888574
4,148,0.0863953
6,148,0.0823123
8,148,0.076792
10,148,0.0700845
12,148,0.0624894
14,148,0.0543374
16,148,0.04597
18,148,0.0377204
20,148,0.0298961
22,148,0.0227646
24,148,0.0165417
26,148,0.0113843
28,148,0.00738515
30,148,0.00457299
32,148,0.00291437
34,148,0.0023197
36,148,0.00265207
38,148,0.00373872
40,148,0.0053845
42,148,0.00738626
44,148,0.0095471
46,148,0.0116892
48,148,0.0136641
50,148,0.0153595
52,148,0.0167024
54,148,0.0176581
56,148,0.0182266
58,148,0.0184358
60,148,0.0183341
62,148,0.017982
64,148,0.0174451
66,148,0.0167871
68,148,0.0160659
70,148,0.0153306
72,148,0.0146196
74,148,0.0139611
76,148,0.0133743
78,148,0.0128702
80,148,0.0124543
82,148,0.0121279
84,148,0.01189
86,148,0.0117388
88,148,0.0116721
90,148,0.0116881
92,148,0.0117855
94,148,0.0119629
96,148,0.0122184
98,148,0.0125483
100,148,0.0129472
102,148,0.013406
104,148,0.0139122
106,148,0.0144489
108,148,0.014995
110,148,0.0155251
112,148,0.0160106
114,148,0.0164198
116,148,0.0167201
118,148,0.0168787
120,148,0.0168643
122,148,0.0166494
124,148,0.0162118
126,148,0.015537
128,148,0.01462
130,148,0.0134677
132,148,0.0121008
134,148,0.0105555
136,148,0.00888516
138,148,0.00716083
140,148,0.00547134
142,148,0.00392224
144,148,0.00263347
146,148,0.00173567
148,148,0.00136501
150,148,0.00165651
152,148,0.00273605
154,148,0.00471144
156,148,0.00766281
158,148,0.0116331
160,148,0.0166194
162,148,0.0225654
164,148,0.0293574
166,148,0.0368223
168,148,0.044731
170,148,0.052805
172,148,0.0607292
174,148,0.068167
176,148,0.0747806
178,148,0.0802515
180,148,0.0843024
-180,150,0.0771651
-178,150,0.0789975
-176,150,0.0793579
-174,150,0.0782058
-172,150,0.0755692
-170,150,0.0715455
-168,150,0.0662974
-166,150,0.0600442
-164,150,0.05305
-162,150,0.0456086
-160,150,0.0380267
-158,150,0.0306055
-156,150,0.0236238
-154,150,0.017322
-152,150,0.0118887
-150,150,0.00745208
-148,150,0.00407514
-146,150,0.00175641
-144,150,0.000435272
-142,150,1.53996e-06
-140,150,0.000308225
-138,150,0.00118602
-136,150,0.00245806
-134,150,0.00395347
-132,150,0.00551863
-130,150,0.00702528
-128,150,0.00837519
-126,150,0.00950155
-124,150,0.0103675
-122,150,0.0109623
-120,150,0.0112968
-118,150,0.0113972
-116,150,0.0113001
-114,150,0.0110473
-112,150,0.0106816
-110,150,0.0102443
-108,150,0.0097723
-106,150,0.00929766
-104,150,0.0088469
-102,150,0.00844122
-100,150,0.00809704
-98,150,0.00782684
-96,150,0.00763991
-94,150,0.00754327
-92,150,0.00754223
-90,150,0.00764094
-88,150,0.00784253
-86,150,0.00814903
-84,150,0.00856093
-82,150,0.00907645
-80,150,0.00969058
-78,150,0.0103939
-76,150,0.0111713
-74,150,0.0120011
-72,150,0.0128536
-70,150,0.0136914
-68,150,0.0144693
-66,150,0.0151354
-64,150,0.0156337
-62,150,0.0159072
-60,150,0.0159022
-58,150,0.0155738
-56,150,0.0148918
-54,150,0.0138463
-52,150,0.0124529
-50,150,0.0107569
-48,150,0.00883491
-46,150,0.00679437
-44,150,0.00476981
-42,150,0.00291643
-40,150,0.00140102
-38,150,0.000391157
-36,150,4.35324e-05
-34,150,0.000492673
-32,150,0.00184107
-30,150,0.00415163
-28,150,0.00744291
-26,150,0.0116874
-24,150,0.0168124
-22,150,0.0227031
-20,150,0.0292077
-18,150,0.0361428
-16,150,0.0433002
-14,150,0.0504544
-12,150,0.0573699
-10,150,0.0638098
-8,150,0.0695449
-6,150,0.0743634
-4,150,0.0780806
-2,150,0.0805486
0,150,0.0816644
2,150,0.0813762
4,150,0.0796879
6,150,0.0766594
8,150,0.0724047
10,150,0.0670869
12,150,0.0609096
14,150,0.0541076
16,150,0.0469348
18,150,0.0396524
20,150,0.0325164
22,150,0.0257662
24,150,0.0196137
26,150,0.0142342
28,150,0.00975992
30,150,0.00627471
32,150,0.00381238
34,150,0.00235723
36,150,0.00184768
38,150,0.00218238
40,150,0.00322868
42,150,0.00483265
44,150,0.00683002
46,150,0.00905702
48,150,0.0113603
50,150,0.0136053
52,150,0.0156817
54,150,0.0175076
56,150,0.0190295
58,150,0.0202217
60,150,0.0210822
62,150,0.021629
64,150,0.021895
66,150,0.0219223
68,150,0.0217584
70,150,0.0214517
72,150,0.0210488
74,150,0.0205921
76,150,0.0201185
78,150,0.019659
80,150,0.0192386
82,150,0.0188763
84,150,0.0185859
86,150,0.0183764
88,150,0.0182527
90,150,0.0182155
92,150,0.0182621
94,150,0.0183861
96,150,0.0185776
98,150,0.018823
100,150,0.0191052
102,150,0.0194036
104,150,0.0196943
106,150,0.0199507
108,150,0.0201441
110,150,0.0202447
112,150,0.020223
114,150,0.020051
116,150,0.0197034
118,150,0.0191598
120,150,0.0184058
122,150,0.0174343
124,150,0.0162472
126,150,0.0148567
128,150,0.0132856
130,150,0.0115687
132,150,0.00975282
134,150,0.00789718
136,150,0.00607263
138,150,0.00436084
140,150,0.00285272
142,150,0.00164601
144,150,0.000842223
146,150,0.000542764
148,150,0.000844395
150,150,0.00183409
152,150,0.00358349
154,150,0.00614325
156,150,0.00953749
158,150,0.0137587
160,150,0.0187637
162,150,0.0244704
164,150,0.0307571
166,150,0.0374629
168,150,0.0443914
170,150,0.0513164
172,150,0.0579908
174,150,0.0641572
176,150,0.0695614
178,150,0.073966
180,150,0.0771651
-180,152,0.0660023
-178,152,0.067093
-176,152,0.0670373
-174,152,0.0658128
-172,152,0.0634448
-170,152,0.0600065
-168,152,0.0556179
-166,152,0.0504407
-164,152,0.0446714
-162,152,0.0385312
-160,152,0.0322554
-158,152,0.0260803
-156,152,0.0202309
-154,152,0.0149087
-152,152,0.010281
-150,152,0.00647315
-148,152,0.00356264
-146,152,0.00157763
-144,152,0.000498379
-142,152,0.000262126
-140,152,0.000770607
-138,152,0.00189954
-136,152,0.00350908
-134,152,0.00545428
-132,152,0.00759468
-130,152,0.00980226
-128,152,0.0119674
-126,152,0.0140025
-124,152,0.0158435
-122,152,0.0174493
-120,152,0.0187999
-118,152,0.0198934
-116,152,0.020742
-114,152,0.0213691
-112,152,0.0218049
-110,152,0.0220838
-108,152,0.0222415
-106,152,0.0223134
-104,152,0.0223327
-102,152,0.0223296
-100,152,0.0223309
-98,152,0.0223594
-96,152,0.0224339
-94,152,0.0225693
-92,152,0.0227764
-90,152,0.0230617
-88,152,0.0234275
-86,152,0.0238717
-84,152,0.0243869
-82,152,0.0249605
-80,152,0.0255743
-78,152,0.0262036
-76,152,0.0268177
-74,152,0.0273793
-72,152,0.0278457
-70,152,0.0281695
-68,152,0.0283001
-66,152,0.0281868
-64,152,0.027781
-62,152,0.0270407
-60,152,0.0259344
-58,152,0.0244454
-56,152,0.0225765
-54,152,0.0203531
-52,152,0.0178264
-50,152,0.0150739
-48,152,0.012199
-46,152,0.0093276
-44,152,0.0066027
-42,152,0.00417743
-40,152,0.00220599
-38,152,0.00083402
-36,152,0.000188955
-34,152,0.000371267
-32,152,0.00144741
-30,152,0.00344508
-28,152,0.00635108
-26,152,0.0101118
-24,152,0.0146364
-22,152,0.0198009
-20,152,0.0254551
-18,152,0.0314289
-16,152,0.0375391
-14,152,0.0435966
-12,152,0.0494125
-10,152,0.0548044
-8,152,0.0596019
-6,152,0.0636519
-4,152,0.0668232
-2,152,0.0690113
0,152,0.070142
2,152,0.0701748
4,152,0.0691046
6,152,0.0669631
8,152,0.0638183
10,152,0.0597726
12,152,0.0549599
14,152,0.0495406
16,152,0.043696
18,152,0.0376209
20,152,0.0315158
22,152,0.0255787
24,152,0.0199968
26,152,0.0149377
28,152,0.0105433
30,152,0.00692269
32,152,0.00414881
34,152,0.00225558
36,152,0.00123808
38,152,0.00105463
40,152,0.00163096
42,152,0.0028663
44,152,0.0046406
46,152,0.00682256
48,152,0.00927775
50,152,0.0118761
52,152,0.0144987
54,152,0.0170422
56,152,0.0194231
58,152,0.0215788
60,152,0.0234678
62,152,0.0250687
64,152,0.0263775
66,152,0.0274048
68,152,0.0281727
70,152,0.028711
72,152,0.0290542
74,152,0.029239
76,152,0.0293014
78,152,0.0292753
80,152,0.0291911
82,152,0.0290746
84,152,0.0289464
86,152,0.0288218
88,152,0.0287103
90,152,0.0286163
92,152,0.0285387
94,152,0.0284712
96,152,0.0284031
98,152,0.0283191
100,152,0.0282006
102,152,0.0280257
104,152,0.0277709
106,152,0.0274111
108,152,0.0269219
110,152,0.0262802
112,152,0.0254657
114,152,0.0244626
116,152,0.0232608
118,152,0.0218572
120,152,0.0202568
122,152,0.0184738
124,152,0.0165319
126,152,0.0144649
128,152,0.0123164
130,152,0.0101397
132,152,0.00799682
134,152,0.00595726
136,152,0.0040964
138,152,0.00249343
140,152,0.00122882
142,152,0.000381506
144,152,2.57382e-05
146,152,0.000227775
148,152,0.0010425
150,152,0.00251011
152,152,0.00465306
154,152,0.0074734
156,152,0.0109505
158,152,0.0150397
160,152,0.0196713
162,152,0.0247507
164,152,0.0301595
166,152,0.0357576
168,152,0.0413866
170,152,0.0468742
172,152,0.0520399
174,152,0.0567023
176,152,0.0606862
178,152,0.0638317
180,152,0.0660023
-180,154,0.0564723
-178,154,0.0567856
-176,154,0.0562164
-174,154,0.0547647
-172,154,0.0524623
-170,154,0.049373
-168,154,0.045592
-166,154,0.041243
-164,154,0.0364739
-162,154,0.0314508
-160,154,0.0263507
-158,154,0.0213539
-156,154,0.0166345
-154,154,0.0123524
-152,154,0.00864549
-150,154,0.00562297
-148,154,0.00336059
-146,154,0.00189807
-144,154,0.00123877
-142,154,0.00135167
-140,154,0.00217544
-138,154,0.00362415
-136,154,0.00559413
-134,154,0.00797134
-132,154,0.0106386
-130,154,0.0134821
-128,154,0.0163973
-126,154,0.0192925
-124,154,0.0220921
-122,154,0.0247375
-120,154,0.0271875
-118,154,0.0294166
-116,154,0.0314141
-114,154,0.033181
-112,154,0.0347281
-110,154,0.0360732
-108,154,0.0372389
-106,154,0.0382507
-104,154,0.0391347
-102,154,0.0399168
-100,154,0.0406209
-98,154,0.0412684
-96,154,0.041877
-94,154,0.0424604
-92,154,0.0430278
-90,154,0.0435832
-88,154,0.0441252
-86,154,0.0446468
-84,154,0.0451349
-82,154,0.0455706
-80,154,0.045929
-78,154,0.0461795
-76,154,0.0462867
-74,154,0.0462111
-72,154,0.0459106
-70,154,0.0453425
-68,154,0.0444655
-66,154,0.0432428
-64,154,0.0416453
-62,154,0.0396545
-60,154,0.0372664
-58,154,0.0344942
-56,154,0.0313711
-54,154,0.0279519
-52,154,0.0243135
-50,154,0.0205541
-48,154,0.01679
-46,154,0.0131525
-44,154,0.00978081
-42,154,0.00681624
-40,154,0.00439372
-38,154,0.00263417
-36,154,0.00163695
-34,154,0.00147354
-32,154,0.00218274
-30,154,0.00376804
-28,154,0.00619708
-26,154,0.00940333
-24,154,0.0132896
-22,154,0.0177333
-20,154,0.0225921
-18,154,0.0277109
-16,154,0.0329276
-14,154,0.0380797
-12,154,0.0430097
-10,154,0.0475692
-8,154,0.051623
-6,154,0.0550525
-4,154,0.0577578
-2,154,0.0596601
0,154,0.0607035
2,154,0.0608558
4,154,0.0601106
6,154,0.0584869
8,154,0.0560298
10,154,0.0528096
12,154,0.0489208
14,154,0.0444796
16,154,0.0396206
18,154,0.0344928
20,154,0.0292544
22,154,0.0240671
24,154,0.0190897
26,154,0.0144718
28,154,0.0103479
30,154,0.00683124
32,154,0.00400995
34,154,0.00194322
36,154,0.000659735
38,154,0.000157494
40,154,0.000405304
42,154,0.00134581
44,154,0.00289981
46,154,0.00497153
48,154,0.00745441
50,154,0.0102371
52,154,0.0132091
54,154,0.0162658
56,154,0.0193127
58,154,0.0222684
60,154,0.0250663
62,154,0.027656
64,154,0.0300026
66,154,0.0320857
68,154,0.033898
70,154,0.0354429
72,154,0.0367323
74,154,0.0377843
76,154,0.0386207
78,154,0.039265
80,154,0.0397405
82,154,0.0400691
84,154,0.0402695
86,154,0.0403571
88,154,0.0403427
90,154,0.0402325
92,154,0.0400282
94,154,0.0397271
96,154,0.0393222
98,154,0.0388031
100,154,0.038157
102,154,0.0373691
104,154,0.0364242
106,154,0.0353077
108,154,0.0340069
110,154,0.0325125
112,154,0.0308197
114,154,0.0289298
116,154,0.0268508
118,154,0.0245988
120,154,0.0221983
122,154,0.0196826
124,154,0.0170938
126,154,0.0144822
128,154,0.0119056
130,154,0.009428
132,154,0.00711789
134,154,0.00504623
136,154,0.00328414
138,154,0.00190031
140,154,0.000958281
142,154,0.000513712
144,154,0.000611738
146,154,0.00128456
148,154,0.0025494
150,154,0.00440691
152,154,0.00684015
154,154,0.00981411
156,154,0.013276
158,154,0.0171557
160,154,0.0213677
162,154,0.025812
164,154,0.0303773
166,154,0.0349431
168,154,0.0393828
170,154,0.0435675
172,154,0.0473693
174,154,0.0506658
176,154,0.0533442
178,154,0.0553063
180,154,0.0564723
-180,156,0.0539279
-178,156,0.0535063
-176,156,0.052368
-174,156,0.0505355
-172,156,0.048053
-170,156,0.0449864
-168,156,0.041422
-166,156,0.0374645
-164,156,0.0332341
-162,156,0.0288624
-160,156,0.0244877
-158,156,0.0202499
-156,156,0.0162845
-154,156,0.0127168
-152,156,0.00965707
-150,156,0.00719546
-148,156,0.00539848
-146,156,0.00430676
-144,156,0.00393414
-142,156,0.00426833
-140,156,0.00527297
-138,156,0.00689093
-136,156,0.00904856
-134,156,0.0116605
-132,156,0.0146346
-130,156,0.017877
-128,156,0.0212961
-126,156,0.0248069
-124,156,0.028333
-122,156,0.031809
-120,156,0.0351815
-118,156,0.0384089
-116,156,0.0414614
-114,156,0.0443196
-112,156,0.0469732
-110,156,0.0494198
-108,156,0.0516626
-106,156,0.0537094
-104,156,0.0555705
-102,156,0.0572578
-100,156,0.058783
-98,156,0.0601567
-96,156,0.0613876
-94,156,0.0624813
-92,156,0.06344
-90,156,0.0642616
-88,156,0.0649395
-86,156,0.0654626
-84,156,0.0658148
-82,156,0.0659756
-80,156,0.0659205
-78,156,0.0656216
-76,156,0.0650486
-74,156,0.0641706
-72,156,0.0629572
-70,156,0.0613812
-68,156,0.0594203
-66,156,0.05706
-64,156,0.0542962
-62,156,0.0511372
-60,156,0.0476065
-58,156,0.0437443
-56,156,0.0396083
-54,156,0.0352742
-52,156,0.0308348
-50,156,0.0263974
-48,156,0.0220813
-46,156,0.0180126
-44,156,0.0143194
-42,156,0.0111254
-40,156,0.00854389
-38,156,0.00667146
-36,156,0.00558247
-34,156,0.00532464
-32,156,0.00591594
-30,156,0.0073432
-28,156,0.00956236
-26,156,0.0125004
-24,156,0.016059
-22,156,0.0201186
-20,156,0.0245444
-18,156,0.0291914
-16,156,0.0339107
-14,156,0.0385543
-12,156,0.0429801
-10,156,0.0470557
-8,156,0.0506622
-6,156,0.053696
-4,156,0.0560714
-2,156,0.0577217
0,156,0.0586005
2,156,0.0586822
4,156,0.0579626
6,156,0.0564591
8,156,0.0542103
10,156,0.051276
12,156,0.0477353
14,156,0.0436855
16,156,0.0392397
18,156,0.0345232
20,156,0.0296703
22,156,0.0248197
24,156,0.0201098
26,156,0.0156739
28,156,0.0116352
30,156,0.00810259
32,156,0.0051662
34,156,0.00289465
36,156,0.00133281
38,156,0.000500778
40,156,0.000394097
42,156,0.000985054
44,156,0.00222506
46,156,0.0040479
48,156,0.00637356
50,156,0.00911252
52,156,0.0121701
54,156,0.0154506
56,156,0.0188611
58,156,0.0223149
60,156,0.0257339
62,156,0.0290501
64,156,0.0322075
66,156,0.0351614
68,156,0.0378789
70,156,0.0403374
72,156,0.042524
74,156,0.0444334
76,156,0.0460669
78,156,0.0474299
80,156,0.0485311
82,156,0.0493805
84,156,0.0499884
86,156,0.0503642
88,156,0.0505158
90,156,0.050449
92,156,0.0501671
94,156,0.0496714
96,156,0.048961
98,156,0.0480337
100,156,0.0468863
102,156,0.045516
104,156,0.0439209
106,156,0.0421014
108,156,0.0400613
110,156,0.037809
112,156,0.0353581
114,156,0.0327288
116,156,0.0299483
118,156,0.0270512
120,156,0.0240797
122,156,0.0210831
124,156,0.0181175
126,156,0.0152445
128,156,0.0125297
130,156,0.010041
132,156,0.00784667
134,156,0.00601242
136,156,0.0045994
138,156,0.0036614
140,156,0.00324239
142,156,0.00337431
144,156,0.00407509
146,156,0.00534724
148,156,0.00717697
150,156,0.00953389
152,156,0.0123714
154,156,0.0156277
156,156,0.0192274
158,156,0.0230835
160,156,0.0270998
162,156,0.0311738
164,156,0.0351992
166,156,0.0390689
168,156,0.0426781
170,156,0.0459268
172,156,0.0487224
174,156,0.0509826
176,156,0.0526374
178,156,0.0536319
180,156,0.0539279
-180,158,0.0624558
-178,158,0.061391
-176,158,0.0596783
-174,158,0.0573588
-172,158,0.0544899
-170,158,0.0511445
-168,158,0.0474093
-166,158,0.0433828
-164,158,0.0391725
-162,158,0.0348923
-160,158,0.0306589
-158,158,0.0265878
-156,158,0.0227901
-154,158,0.0193682
-152,158,0.0164125
-150,158,0.0139983
-148,158,0.0121835
-146,158,0.0110067
-144,158,0.0104867
-142,158,0.0106227
-140,158,0.0113951
-138,158,0.0127677
-136,158,0.0146901
-134,158,0.0171009
-132,158,0.0199305
-130,158,0.0231052
-128,158,0.0265493
-126,158,0.030189
-124,158,0.0339538
-122,158,0.0377788
-120,158,0.041606
-118,158,0.045385
-116,158,0.0490729
-114,158,0.0526347
-112,158,0.0560424
-110,158,0.0592743
-108,158,0.0623144
-106,158,0.065151
-104,158,0.0677757
-102,158,0.0701827
-100,158,0.0723674
-98,158,0.0743257
-96,158,0.0760531
-94,158,0.0775442
-92,158,0.0787917
-90,158,0.0797867
-88,158,0.0805175
-86,158,0.0809706
-84,158,0.0811299
-82,158,0.0809779
-80,158,0.0804956
-78,158,0.0796641
-76,158,0.078465
-74,158,0.0768824
-72,158,0.0749041
-70,158,0.0725232
-68,158,0.0697405
-66,158,0.0665657
-64,158,0.0630194
-62,158,0.0591344
-60,158,0.0549571
-58,158,0.0505476
-56,158,0.04598
-54,158,0.0413413
-52,158,0.0367299
-50,158,0.0322528
-48,158,0.0280228
-46,158,0.0241538
-44,158,0.0207566
-42,158,0.0179342
-40,158,0.0157764
-38,158,0.014356
-36,158,0.0137242
-34,158,0.0139077
-32,158,0.0149069
-30,158,0.0166951
-28,158,0.0192191
-26,158,0.0224007
-24,158,0.0261404
-22,158,0.0303205
-20,158,0.03481
-18,158,0.0394695
-16,158,0.0441557
-14,158,0.048727
-12,158,0.053047
-10,158,0.0569889
-8,158,0.0604388
-6,158,0.0632982
-4,158,0.0654861
-2,158,0.0669407
0,158,0.0676203
2,158,0.0675041
4,158,0.0665923
6,158,0.0649059
8,158,0.0624858
10,158,0.0593926
12,158,0.0557043
14,158,0.0515148
16,158,0.0469313
18,158,0.0420714
20,158,0.0370599
22,158,0.0320251
24,158,0.0270947
26,158,0.0223924
28,158,0.0180334
30,158,0.0141214
32,158,0.0107453
34,158,0.00797644
36,158,0.00586694
38,158,0.00444861
40,158,0.00373267
42,158,0.0037103
44,158,0.00435397
46,158,0.00561946
48,158,0.00744835
50,158,0.00977095
52,158,0.0125095
54,158,0.0155812
56,158,0.0189015
58,158,0.0223867
60,158,0.0259567
62,158,0.0295368
64,158,0.0330593
66,158,0.0364645
68,158,0.0397012
70,158,0.0427271
72,158,0.045508
74,158,0.0480178
76,158,0.050237
78,158,0.0521522
80,158,0.0537551
82,158,0.0550411
84,158,0.0560086
86,158,0.0566581
88,158,0.0569916
90,158,0.0570122
92,158,0.0567235
94,158,0.0561298
96,158,0.0552362
98,158,0.0540489
100,158,0.0525757
102,158,0.0508266
104,158,0.0488146
106,158,0.0465562
108,158,0.0440725
110,158,0.0413895
112,158,0.0385389
114,158,0.0355585
116,158,0.032492
118,158,0.0293896
120,158,0.0263065
122,158,0.0233033
124,158,0.0204439
126,158,0.0177946
128,158,0.0154223
130,158,0.0133921
132,158,0.0117657
134,158,0.0105983
136,158,0.00993704
138,158,0.00981824
140,158,0.0102656
142,158,0.0112887
144,158,0.0128816
146,158,0.0150223
148,158,0.0176726
150,158,0.020779
152,158,0.0242735
154,158,0.0280758
156,158,0.0320952
158,158,0.0362333
160,158,0.040387
162,158,0.0444516
164,158,0.0483235
166,158,0.0519036
168,158,0.0550994
170,158,0.0578279
172,158,0.0600178
174,158,0.0616108
176,158,0.0625637
178,158,0.0628489
180,158,0.0624558
-180,160,0.0840888
-178,160,0.0825135
-176,160,0.0802885
-174,160,0.0774665
-172,160,0.0741139
-170,160,0.0703094
-168,160,0.0661416
-166,160,0.0617074
-164,160,0.0571091
-162,160,0.0524521
-160,160,0.0478419
-158,160,0.0433817
-156,160,0.039169
-154,160,0.0352939
-152,160,0.0318358
-150,160,0.0288622
-148,160,0.0264267
-146,160,0.024568
-144,160,0.0233096
-142,160,0.0226597
-140,160,0.0226118
-138,160,0.0231461
-136,160,0.0242309
-134,160,0.0258244
-132,160,0.0278769
-130,160,0.0303328
-128,160,0.033133
-126,160,0.0362165
-124,160,0.0395225
-122,160,0.0429918
-120,160,0.0465677
-118,160,0.0501976
-116,160,0.0538327
-114,160,0.057429
-112,160,0.0609469
-110,160,0.0643515
-108,160,0.0676118
-106,160,0.0707006
-104,160,0.0735939
-102,160,0.0762704
-100,160,0.0787109
-98,160,0.080898
-96,160,0.0828153
-94,160,0.0844474
-92,160,0.0857791
-90,160,0.086796
-88,160,0.0874836
-86,160,0.0878281
-84,160,0.0878163
-82,160,0.0874363
-80,160,0.0866777
-78,160,0.0855331
-76,160,0.0839981
-74,160,0.0820733
-72,160,0.0797647
-70,160,0.0770851
-68,160,0.0740556
-66,160,0.0707058
-64,160,0.0670755
-62,160,0.0632146
-60,160,0.0591833
-58,160,0.0550525
-56,160,0.0509019
-54,160,0.0468196
-52,160,0.0428996
-50,160,0.0392394
-48,160,0.0359371
-46,160,0.0330881
-44,160,0.0307813
-42,160,0.0290953
-40,160,0.0280952
-38,160,0.027829
-36,160,0.0283251
-34,160,0.0295898
-32,160,0.0316069
-30,160,0.0343365
-28,160,0.0377166
-26,160,0.0416638
-24,160,0.0460765
-22,160,0.0508377
-20,160,0.055819
-18,160,0.0608847
-16,160,0.0658956
-14,160,0.0707143
-12,160,0.0752082
-10,160,0.0792541
-8,160,0.0827411
-6,160,0.0855738
-4,160,0.0876743
-2,160,0.088984
0,160,0.0894651
2,160,0.0891009
4,160,0.0878961
6,160,0.0858761
8,160,0.0830867
10,160,0.0795919
12,160,0.0754727
14,160,0.0708245
16,160,0.0657546
18,160,0.060379
20,160,0.0548196
22,160,0.0492004
24,160,0.0436445
26,160,0.0382706
28,160,0.0331897
30,160,0.0285027
32,160,0.0242973
34,160,0.0206465
36,160,0.0176068
38,160,0.0152176
40,160,0.0135006
42,160,0.0124604
44,160,0.0120847
46,160,0.0123465
48,160,0.0132049
50,160,0.0146078
52,160,0.0164938
54,160,0.0187946
56,160,0.0214374
58,160,0.0243473
60,160,0.027449
62,160,0.030669
64,160,0.0339374
66,160,0.0371886
68,160,0.0403625
70,160,0.0434055
72,160,0.04627
74,160,0.0489156
76,160,0.0513079
78,160,0.0534188
80,160,0.055226
82,160,0.0567125
84,160,0.0578659
86,160,0.0586782
88,160,0.0591455
90,160,0.0592673
92,160,0.0590466
94,160,0.0584896
96,160,0.0576061
98,160,0.0564091
100,160,0.0549156
102,160,0.0531464
104,160,0.0511266
106,160,0.0488861
108,160,0.0464595
110,160,0.0438867
112,160,0.0412123
114,160,0.0384862
116,160,0.0357627
118,160,0.0331002
120,160,0.0305602
122,160,0.0282061
124,160,0.0261023
126,160,0.024312
128,160,0.0228957
130,160,0.0219094
132,160,0.0214023
134,160,0.0214148
136,160,0.021977
138,160,0.0231066
140,160,0.0248077
142,160,0.0270696
144,160,0.0298666
146,160,0.0331576
148,160,0.0368869
150,160,0.040985
152,160,0.0453704
154,160,0.0499515
156,160,0.0546292
158,160,0.0592996
160,160,0.0638566
162,160,0.0681955
164,160,0.0722157
166,160,0.0758231
168,160,0.0789333
170,160,0.0814735
172,160,0.0833842
174,160,0.0846212
176,160,0.085156
178,160,0.0849769
180,160,0.0840888
-180,162,0.11826
-178,162,0.116344
-176,162,0.113746
-174,162,0.110523
-172,162,0.106742
-170,162,0.102482
-168,162,0.0978302
-166,162,0.0928797
-164,162,0.0877276
-162,162,0.0824726
-160,162,0.0772131
-158,162,0.0720441
-156,162,0.0670559
-154,162,0.0623319
-152,162,0.0579465
-150,162,0.0539644
-148,162,0.0504389
-146,162,0.0474118
-144,162,0.0449124
-142,162,0.0429581
-140,162,0.0415544
-138,162,0.040696
-136,162,0.0403672
-134,162,0.0405435
-132,162,0.0411929
-130,162,0.042277
-128,162,0.0437527
-126,162,0.0455733
-124,162,0.0476903
-122,162,0.0500537
-120,162,0.0526138
-118,162,0.0553216
-116,162,0.0581297
-114,162,0.0609926
-112,162,0.063867
-110,162,0.0667124
-108,162,0.0694909
-106,162,0.0721672
-104,162,0.0747087
-102,162,0.0770852
-100,162,0.0792692
-98,162,0.0812352
-96,162,0.0829602
-94,162,0.084423
-92,162,0.0856049
-90,162,0.0864892
-88,162,0.0870618
-86,162,0.0873108
-84,162,0.0872276
-82,162,0.0868068
-80,162,0.0860467
-78,162,0.0849501
-76,162,0.0835247
-74,162,0.0817838
-72,162,0.0797471
-70,162,0.0774408
-68,162,0.0748985
-66,162,0.0721615
-64,162,0.0692786
-62,162,0.0663061
-60,162,0.0633074
-58,162,0.0603523
-56,162,0.0575156
-54,162,0.0548757
-52,162,0.0525129
-50,162,0.0505069
-48,162,0.0489344
-46,162,0.0478668
-44,162,0.047367
-42,162,0.0474872
-40,162,0.0482661
-38,162,0.0497266
-36,162,0.0518745
-34,162,0.0546966
-32,162,0.0581608
-30,162,0.0622155
-28,162,0.0667909
-26,162,0.0717998
-24,162,0.0771404
-22,162,0.0826986
-20,162,0.0883508
-18,162,0.0939682
-16,162,0.0994196
-14,162,0.104576
-12,162,0.109312
-10,162,0.113514
-8,162,0.117077
-6,162,0.119914
-4,162,0.121952
-2,162,0.123138
0,162,0.12344
2,162,0.122845
4,162,0.121361
6,162,0.119016
8,162,0.115858
10,162,0.111953
12,162,0.10738
14,162,0.102234
16,162,0.0966198
18,162,0.09065
20,162,0.0844421
22,162,0.0781153
24,162,0.0717877
26,162,0.0655733
28,162,0.0595793
30,162,0.0539038
32,162,0.0486338
34,162,0.0438434
36,162,0.0395929
38,162,0.0359278
40,162,0.0328785
42,162,0.0304607
44,162,0.0286755
46,162,0.0275108
48,162,0.0269417
50,162,0.026933
52,162,0.0274397
54,162,0.0284097
56,162,0.0297846
58,162,0.0315024
60,162,0.0334987
62,162,0.0357081
64,162,0.0380662
66,162,0.0405103
68,162,0.0429809
70,162,0.0454223
72,162,0.0477833
74,162,0.0500178
76,162,0.052085
78,162,0.0539496
80,162,0.0555821
82,162,0.0569583
84,162,0.0580596
86,162,0.0588729
88,162,0.0593901
90,162,0.0596086
92,162,0.0595305
94,162,0.059163
96,162,0.0585183
98,162,0.0576134
100,162,0.0564704
102,162,0.0551162
104,162,0.0535824
106,162,0.0519056
108,162,0.050127
110,162,0.0482921
112,162,0.0464502
114,162,0.0446543
116,162,0.0429599
118,162,0.0414243
120,162,0.0401058
122,162,0.0390619
124,162,0.0383484
126,162,0.0380177
128,162,0.0381174
130,162,0.0386881
132,162,0.0397625
134,162,0.0413634
136,162,0.0435027
138,162,0.0461798
140,162,0.0493814
142,162,0.0530803
144,162,0.057236
146,162,0.0617946
148,162,0.0666896
150,162,0.0718435
152,162,0.0771692
154,162,0.0825718
156,162,0.0879515
158,162,0.0932055
160,162,0.0982311
162,162,0.102928
164,162,0.107202
166,162,0.110965
168,162,0.114141
170,162,0.116666
172,162,0.118487
174,162,0.11957
176,162,0.119893
178,162,0.119452
180,162,0.11826
-180,164,0.161878
-178,164,0.159815
-176,164,0.157049
-174,164,0.153633
-172,164,0.149629
-170,164,0.145109
-168,164,0.140151
-166,164,0.13484
-164,164,0.129262
-162,164,0.123508
-160,164,0.117667
-158,164,0.111824
-156,164,0.106063
-154,164,0.100461
-152,164,0.0950886
-150,164,0.0900089
-148,164,0.0852759
-146,164,0.0809347
-144,164,0.0770207
-142,164,0.0735598
-140,164,0.0705685
-138,164,0.0680541
-136,164,0.0660156
-134,164,0.0644442
-132,164,0.0633239
-130,164,0.0626328
-128,164,0.062344
-126,164,0.0624261
-124,164,0.0628445
-122,164,0.063562
-120,164,0.06454
-118,164,0.0657387
-116,164,0.067118
-114,164,0.0686383
-112,164,0.0702603
-110,164,0.0719461
-108,164,0.0736592
-106,164,0.0753645
-104,164,0.0770292
-102,164,0.0786224
-100,164,0.0801155
-98,164,0.0814822
-96,164,0.0826991
-94,164,0.0837451
-92,164,0.0846025
-90,164,0.0852564
-88,164,0.0856952
-86,164,0.0859112
-84,164,0.0859003
-82,164,0.0856627
-80,164,0.085203
-78,164,0.0845307
-76,164,0.0836603
-74,164,0.0826117
-72,164,0.0814103
-70,164,0.0800871
-68,164,0.0786786
-66,164,0.0772268
-64,164,0.0757789
-62,164,0.0743865
-60,164,0.0731051
-58,164,0.0719931
-56,164,0.0711105
-54,164,0.0705177
-52,164,0.0702736
-50,164,0.0704343
-48,164,0.0710508
-46,164,0.0721676
-44,164,0.0738202
-42,164,0.0760339
-40,164,0.0788219
-38,164,0.0821842
-36,164,0.0861061
-34,164,0.0905583
-32,164,0.0954961
-30,164,0.10086
-28,164,0.106577
-26,164,0.11256
-24,164,0.118712
-22,164,0.124927
-20,164,0.131094
-18,164,0.137096
-16,164,0.142816
-14,164,0.148141
-12,164,0.152963
-10,164,0.157181
-8,164,0.160705
-6,164,0.16346
-4,164,0.165384
-2,164,0.166435
0,164,0.166583
2,164,0.165823
4,164,0.164163
6,164,0.161632
8,164,0.158274
10,164,0.154151
12,164,0.149335
14,164,0.143915
16,164,0.137984
18,164,0.131646
20,164,0.125008
22,164,0.118178
24,164,0.111266
26,164,0.104376
28,164,0.0976074
30,164,0.0910537
32,164,0.0847982
34,164,0.0789143
36,164,0.0734641
38,164,0.0684975
40,164,0.0640523
42,164,0.0601538
44,164,0.0568153
46,164,0.0540384
48,164,0.0518143
50,164,0.0501242
52,164,0.0489406
54,164,0.0482288
56,164,0.0479479
58,164,0.0480522
60,164,0.0484926
62,164,0.0492178
64,164,0.0501756
66,164,0.0513136
68,164,0.0525811
70,164,0.0539288
72,164,0.0553108
74,164,0.0566841
76,164,0.05801
78,164,0.0592543
80,164,0.0603871
82,164,0.061384
84,164,0.0622253
86,164,0.0628969
88,164,0.0633899
90,164,0.0637006
92,164,0.0638308
94,164,0.0637875
96,164,0.0635828
98,164,0.063234
100,164,0.0627632
102,164,0.0621971
104,164,0.061567
106,164,0.0609081
108,164,0.0602592
110,164,0.0596625
112,164,0.0591625
114,164,0.0588053
116,164,0.0586381
118,164,0.0587082
120,164,0.0590615
122,164,0.0597419
124,164,0.0607897
126,164,0.0622408
128,164,0.0641248
130,164,0.0664643
132,164,0.0692739
134,164,0.0725584
136,164,0.0763129
138,164,0.0805215
140,164,0.0851572
142,164,0.0901818
144,164,0.0955461
146,164,0.10119
148,164,0.107045
150,164,0.113033
152,164,0.11907
154,164,0.125065
156,164,0.130927
158,164,0.13656
160,164,0.141873
162,164,0.146776
164,164,0.151185
166,164,0.155024
168,164,0.158227
170,164,0.160737
172,164,0.162512
174,164,0.163522
176,164,0.163752
178,164,0.163199
180,164,0.161878
-180,166,0.2102
-178,166,0.208184
-176,166,0.205487
-174,166,0.20215
-172,166,0.198226
-170,166,0.193772
-168,166,0.188855
-166,166,0.183543
-164,166,0.177911
-162,166,0.172032
-160,166,0.165982
-158,166,0.159837
-156,166,0.153667
-154,166,0.147541
-152,166,0.141523
-150,166,0.135672
-148,166,0.130041
-146,166,0.124675
-144,166,0.119612
-142,166,0.114886
-140,166,0.11052
-138,166,0.106532
-136,166,0.102933
-134,166,0.0997262
-132,166,0.0969115
-130,166,0.0944814
-128,166,0.0924241
-126,166,0.0907236
-124,166,0.0893604
-122,166,0.0883119
-120,166,0.0875531
-118,166,0.0870571
-116,166,0.086796
-114,166,0.0867407
-112,166,0.0868622
-110,166,0.0871313
-108,166,0.0875194
-106,166,0.0879988
-104,166,0.088543
-102,166,0.0891269
-100,166,0.0897274
-98,166,0.0903233
-96,166,0.0908956
-94,166,0.091428
-92,166,0.091907
-90,166,0.0923221
-88,166,0.0926659
-86,166,0.0929345
-84,166,0.0931276
-82,166,0.0932488
-80,166,0.0933055
-78,166,0.093309
-76,166,0.0932749
-74,166,0.0932226
-72,166,0.0931756
-70,166,0.0931611
-68,166,0.09321
-66,166,0.0933561
-64,166,0.0936358
-62,166,0.0940876
-60,166,0.0947512
-58,166,0.0956666
-56,166,0.0968731
-54,166,0.0984084
-52,166,0.100307
-50,166,0.1026
-48,166,0.105312
-46,166,0.108461
-44,166,0.112059
-42,166,0.116107
-40,166,0.120598
-38,166,0.125513
-36,166,0.130824
-34,166,0.136491
-32,166,0.142463
-30,166,0.14868
-28,166,0.155071
-26,166,0.161557
-24,166,0.168053
-22,166,0.174467
-20,166,0.180705
-18,166,0.186672
-16,166,0.192271
-14,166,0.197412
-12,166,0.202007
-10,166,0.205976
-8,166,0.20925
-6,166,0.211769
-4,166,0.213486
-2,166,0.214369
0,166,0.214396
2,166,0.213565
4,166,0.211884
6,166,0.20938
8,166,0.206089
10,166,0.202063
12,166,0.197363
14,166,0.192061
16,166,0.186237
18,166,0.179977
20,166,0.17337
22,166,0.166509
24,166,0.159484
26,166,0.152388
28,166,0.145306
30,166,0.138322
32,166,0.13151
34,166,0.124939
36,166,0.118669
38,166,0.112751
40,166,0.107227
42,166,0.10213
44,166,0.0974817
46,166,0.0932966
48,166,0.0895797
50,166,0.0863281
52,166,0.0835314
54,166,0.0811727
56,166,0.0792296
58,166,0.0776749
60,166,0.0764775
62,166,0.0756036
64,166,0.0750176
66,166,0.0746829
68,166,0.0745626
70,166,0.0746205
72,166,0.0748219
74,166,0.0751337
76,166,0.0755258
78,166,0.0759707
80,166,0.0764446
82,166,0.0769272
84,166,0.0774023
86,166,0.0778581
88,166,0.0782868
90,166,0.0786851
92,166,0.0790543
94,166,0.0793997
96,166,0.0797312
98,166,0.0800626
100,166,0.0804114
102,166,0.080799
104,166,0.0812497
106,166,0.0817907
108,166,0.0824514
110,166,0.0832631
112,166,0.0842578
114,166,0.0854683
116,166,0.0869265
118,166,0.0886634
120,166,0.0907079
122,166,0.0930855
124,166,0.0958184
126,166,0.0989234
128,166,0.102412
130,166,0.10629
132,166,0.110554
134,166,0.115195
136,166,0.120195
138,166,0.125528
140,166,0.131159
142,166,0.137045
144,166,0.143135
146,166,0.149371
148,166,0.155688
150,166,0.162016
152,166,0.16828
154,166,0.174403
156,166,0.180306
158,166,0.185911
160,166,0.19114
162,166,0.19592
164,166,0.200183
166,166,0.203867
168,166,0.206919
170,166,0.209294
172,166,0.210957
174,166,0.211886
176,166,0.212068
178,166,0.211502
180,166,0.2102
-180,168,0.258181
-178,168,0.256381
-176,168,0.253971
-174,168,0.250983
-172,168,0.247455
-170,168,0.24343
-168,168,0.238956
-166,168,0.234086
-164,168,0.228876
-162,168,0.223383
-160,168,0.217665
-158,168,0.211781
-156,168,0.205789
-154,168,0.199745
-152,168,0.193701
-150,168,0.187709
-148,168,0.181815
-146,168,0.176062
-144,168,0.170487
-142,168,0.165123
-140,168,0.159999
-138,168,0.155138
-136,168,0.150558
-134,168,0.146273
-132,168,0.142293
-130,168,0.138622
-128,168,0.135261
-126,168,0.132208
-124,168,0.129456
-122,168,0.126998
-120,168,0.124823
-118,168,0.122916
-116,168,0.121265
-114,168,0.119852
-112,168,0.118662
-110,168,0.117676
-108,168,0.116879
-106,168,0.116252
-104,168,0.115779
-102,168,0.115445
-100,168,0.115235
-98,168,0.115136
-96,168,0.115135
-94,168,0.115223
-92,168,0.115392
-90,168,0.115637
-88,168,0.115953
-86,168,0.11634
-84,168,0.116799
-82,168,0.117335
-80,168,0.117953
-78,168,0.118664
-76,168,0.119479
-74,168,0.120412
-72,168,0.121479
-70,168,0.122698
-68,168,0.12409
-66,168,0.125673
-64,168,0.127471
-62,168,0.129505
-60,168,0.131795
-58,168,0.134361
-56,168,0.137223
-54,168,0.140395
-52,168,0.14389
-50,168,0.147717
-48,168,0.151878
-46,168,0.156373
-44,168,0.161194
-42,168,0.166326
-40,168,0.171748
-38,168,0.177434
-36,168,0.183347
-34,168,0.189445
-32,168,0.195681
-30,168,0.201998
-28,168,0.208337
-26,168,0.214632
-24,168,0.220815
-22,168,0.226814
-20,168,0.232558
-18,168,0.237974
-16,168,0.242992
-14,168,0.247544
-12,168,0.251569
-10,168,0.255008
-8,168,0.257813
-6,168,0.259942
-4,168,0.261362
-2,168,0.26205
0,168,0.261996
2,168,0.261196
4,168,0.259659
6,168,0.257405
8,168,0.254462
10,168,0.250869
12,168,0.246672
14,168,0.241925
16,168,0.236687
18,168,0.231024
20,168,0.225003
22,168,0.218696
24,168,0.212173
26,168,0.205506
28,168,0.198764
30,168,0.192014
32,168,0.185319
34,168,0.178737
36,168,0.172321
38,168,0.166119
40,168,0.160172
42,168,0.154516
44,168,0.149177
46,168,0.144178
48,168,0.139535
50,168,0.135257
52,168,0.131348
54,168,0.127807
56,168,0.124627
58,168,0.1218
60,168,0.119312
62,168,0.117146
64,168,0.115285
66,168,0.113709
68,168,0.112397
70,168,0.111329
72,168,0.110483
74,168,0.109839
76,168,0.109378
78,168,0.109084
80,168,0.10894
82,168,0.108933
84,168,0.109053
86,168,0.109291
88,168,0.109642
90,168,0.110104
92,168,0.110675
94,168,0.111361
96,168,0.112165
98,168,0.113097
100,168,0.114167
102,168,0.115388
104,168,0.116773
106,168,0.118339
108,168,0.120102
110,168,0.122079
112,168,0.124288
114,168,0.126744
116,168,0.129463
118,168,0.132459
120,168,0.135744
122,168,0.139324
124,168,0.143206
126,168,0.14739
128,168,0.151873
130,168,0.156646
132,168,0.161696
134,168,0.167004
136,168,0.172544
138,168,0.178287
140,168,0.184196
142,168,0.19023
144,168,0.196342
146,168,0.202483
148,168,0.208598
150,168,0.214629
152,168,0.220516
154,168,0.2262
156,168,0.231618
158,168,0.236712
160,168,0.241423
162,168,0.245697
164,168,0.249483
166,168,0.252735
168,168,0.255414
170,168,0.257488
172,168,0.258931
174,168,0.259727
176,168,0.259866
178,168,0.259348
180,168,0.258181
-180,170,0.301682
-178,170,0.300218
-176,170,0.29826
-174,170,0.295829
-172,170,0.292949
-170,170,0.289649
-168,170,0.285961
-166,170,0.28192
-164,170,0.277566
-162,170,0.272937
-160,170,0.268073
-158,170,0.263018
-156,170,0.257812
-154,170,0.252496
-152,170,0.247111
-150,170,0.241696
-148,170,0.236287
-146,170,0.23092
-144,170,0.225627
-142,170,0.220438
-140,170,0.215379
-138,170,0.210474
-136,170,0.205745
-134,170,0.201209
-132,170,0.196881
-130,170,0.192774
-128,170,0.188897
-126,170,0.185256
-124,170,0.181855
-122,170,0.178699
-120,170,0.175785
-118,170,0.173114
-116,170,0.170681
-114,170,0.168484
-112,170,0.166517
-110,170,0.164773
-108,170,0.163247
-106,170,0.161932
-104,170,0.160821
-102,170,0.159908
-100,170,0.159187
-98,170,0.158651
-96,170,0.158296
-94,170,0.158119
-92,170,0.158114
-90,170,0.158281
-88,170,0.158619
-86,170,0.159127
-84,170,0.159807
-82,170,0.160662
-80,170,0.161695
-78,170,0.162912
-76,170,0.164317
-74,170,0.165917
-72,170,0.16772
-70,170,0.169733
-68,170,0.171964
-66,170,0.174421
-64,170,0.17711
-62,170,0.180038
-60,170,0.18321
-58,170,0.18663
-56,170,0.190299
-54,170,0.194217
-52,170,0.19838
-50,170,0.202782
-48,170,0.207414
-46,170,0.212261
-44,170,0.217308
-42,170,0.222531
-40,170,0.227907
-38,170,0.233406
-36,170,0.238995
-34,170,0.244636
-32,170,0.25029
-30,170,0.255913
-28,170,0.261459
-26,170,0.26688
-24,170,0.272126
-22,170,0.27715
-20,170,0.2819
-18,170,0.286328
-16,170,0.290388
-14,170,0.294036
-12,170,0.297232
-10,170,0.299938
-8,170,0.302124
-6,170,0.303764
-4,170,0.304838
-2,170,0.305332
0,170,0.30524
2,170,0.304562
4,170,0.303303
6,170,0.301477
8,170,0.299104
10,170,0.296209
12,170,0.292824
14,170,0.288984
16,170,0.284729
18,170,0.280103
20,170,0.275153
22,170,0.269927
24,170,0.264476
26,170,0.258848
28,170,0.253094
30,170,0.247263
32,170,0.241402
34,170,0.235555
36,170,0.229766
38,170,0.224074
40,170,0.218514
42,170,0.213117
44,170,0.207913
46,170,0.202926
48,170,0.198175
50,170,0.193678
52,170,0.189446
54,170,0.185491
56,170,0.181816
58,170,0.178426
60,170,0.175322
62,170,0.1725
64,170,0.169957
66,170,0.167689
68,170,0.165688
70,170,0.163947
72,170,0.162458
74,170,0.161212
76,170,0.160202
78,170,0.15942
80,170,0.158859
82,170,0.158511
84,170,0.158372
86,170,0.158438
88,170,0.158705
90,170,0.15917
92,170,0.159834
94,170,0.160697
96,170,0.16176
98,170,0.163025
100,170,0.164497
102,170,0.16618
104,170,0.168077
106,170,0.170194
108,170,0.172536
110,170,0.175106
112,170,0.17791
114,170,0.180949
116,170,0.184226
118,170,0.18774
120,170,0.191489
122,170,0.19547
124,170,0.199675
126,170,0.204095
128,170,0.208717
130,170,0.213527
132,170,0.218505
134,170,0.223629
136,170,0.228873
138,170,0.234209
140,170,0.239605
142,170,0.245027
144,170,0.250438
146,170,0.255797
148,170,0.261066
150,170,0.2662
152,170,0.271158
154,170,0.275896
156,170,0.280373
158,170,0.284547
160,170,0.288379
162,170,0.291832
164,170,0.294872
166,170,0.297469
168,170,0.299598
170,170,0.301237
172,170,0.302369
174,170,0.302982
176,170,0.303072
178,170,0.302637
180,170,0.301682
-180,172,0.338098
-178,172,0.337029
-176,172,0.335606
-174,172,0.333838
-172,172,0.331741
-170,172,0.329332
-168,172,0.326629
-166,172,0.323653
-164,172,0.320428
-162,172,0.316977
-160,172,0.313326
-158,172,0.309501
-156,172,0.305529
-154,172,0.301436
-152,172,0.297249
-150,172,0.292994
-148,172,0.288698
-146,172,0.284385
-144,172,0.28008
-142,172,0.275804
-140,172,0.271581
-138,172,0.267429
-136,172,0.263367
-134,172,0.259413
-132,172,0.255582
-130,172,0.251888
-128,172,0.248343
-126,172,0.244958
-124,172,0.241743
-122,172,0.238705
-120,172,0.235851
-118,172,0.233187
-116,172,0.230716
-114,172,0.228443
-112,172,0.22637
-110,172,0.224498
-108,172,0.222829
-106,172,0.221364
-104,172,0.220101
-102,172,0.219042
-100,172,0.218186
-98,172,0.217533
-96,172,0.217081
-94,172,0.216831
-92,172,0.216783
-90,172,0.216935
-88,172,0.217288
-86,172,0.217843
-84,172,0.218599
-82,172,0.219556
-80,172,0.220715
-78,172,0.222077
-76,172,0.223641
-74,172,0.225409
-72,172,0.22738
-70,172,0.229553
-68,172,0.231928
-66,172,0.234504
-64,172,0.237277
-62,172,0.240245
-60,172,0.243403
-58,172,0.246744
-56,172,0.250263
-54,172,0.253949
-52,172,0.257793
-50,172,0.261782
-48,172,0.265901
-46,172,0.270135
-44,172,0.274464
-42,172,0.278869
-40,172,0.283327
-38,172,0.287815
-36,172,0.292306
-34,172,0.296774
-32,172,0.301189
-30,172,0.305523
-28,172,0.309744
-26,172,0.313821
-24,172,0.317725
-22,172,0.321425
-20,172,0.32489
-18,172,0.328092
-16,172,0.331004
-14,172,0.3336
-12,172,0.335859
-10,172,0.337758
-8,172,0.339282
-6,172,0.340416
-4,172,0.341148
-2,172,0.341474
0,172,0.341388
2,172,0.340891
4,172,0.339988
6,172,0.338687
8,172,0.336999
10,172,0.334939
12,172,0.332526
14,172,0.32978
16,172,0.326726
18,172,0.32339
20,172,0.319799
22,172,0.315983
24,172,0.311972
26,172,0.307798
28,172,0.303492
30,172,0.299085
32,172,0.29461
34,172,0.290096
36,172,0.285573
38,172,0.281069
40,172,0.276611
42,172,0.272224
44,172,0.26793
46,172,0.263751
48,172,0.259707
50,172,0.255814
52,172,0.252087
54,172,0.248541
56,172,0.245186
58,172,0.242031
60,172,0.239085
62,172,0.236354
64,172,0.233842
66,172,0.231553
68,172,0.229489
70,172,0.227652
72,172,0.226042
74,172,0.224659
76,172,0.223502
78,172,0.222571
80,172,0.221864
82,172,0.221379
84,172,0.221116
86,172,0.221073
88,172,0.221248
90,172,0.221639
92,172,0.222246
94,172,0.223067
96,172,0.2241
98,172,0.225346
100,172,0.226801
102,172,0.228465
104,172,0.230335
106,172,0.232411
108,172,0.234687
110,172,0.237162
112,172,0.239832
114,172,0.24269
116,172,0.245731
118,172,0.248948
120,172,0.252332
122,172,0.255873
124,172,0.259559
126,172,0.263378
128,172,0.267314
130,172,0.271352
132,172,0.275473
134,172,0.279657
136,172,0.283884
138,172,0.288131
140,172,0.292374
142,172,0.296588
144,172,0.300746
146,172,0.304823
148,172,0.308791
150,172,0.312623
152,172,0.316291
154,172,0.319768
156,172,0.323029
158,172,0.326049
160,172,0.328803
162,172,0.33127
164,172,0.33343
166,172,0.335266
168,172,0.336761
170,172,0.337904
172,172,0.338684
174,172,0.339096
176,172,0.339135
178,172,0.338801
180,172,0.338098
-180,174,0.366308
-178,174,0.365631
-176,174,0.364737
-174,174,0.363631
-172,174,0.362319
-170,174,0.360811
-168,174,0.359116
-166,174,0.357245
-164,174,0.355209
-162,174,0.353022
-160,174,0.350696
-158,174,0.348246
-156,174,0.345686
-154,174,0.343031
-152,174,0.340296
-150,174,0.337497
-148,174,0.334648
-146,174,0.331765
-144,174,0.328863
-142,174,0.325956
-140,174,0.323059
-138,174,0.320185
-136,174,0.317347
-134,174,0.314558
-132,174,0.31183
-130,174,0.309175
-128,174,0.306602
-126,174,0.304121
-124,174,0.301743
-122,174,0.299475
-120,174,0.297325
-118,174,0.2953
-116,174,0.293406
-114,174,0.291649
-112,174,0.290035
-110,174,0.288568
-108,174,0.287252
-106,174,0.28609
-104,174,0.285085
-102,174,0.28424
-100,174,0.283557
-98,174,0.283038
-96,174,0.282684
-94,174,0.282496
-92,174,0.282474
-90,174,0.282619
-88,174,0.28293
-86,174,0.283408
-84,174,0.284052
-82,174,0.28486
-80,174,0.28583
-78,174,0.286962
-76,174,0.288252
-74,174,0.289698
-72,174,0.291296
-70,174,0.293043
-68,174,0.294934
-66,174,0.296964
-64,174,0.299126
-62,174,0.301416
-60,174,0.303825
-58,174,0.306345
-56,174,0.308968
-54,174,0.311684
-52,174,0.314482
-50,174,0.31735
-48,174,0.320278
-46,174,0.323252
-44,174,0.326257
-42,174,0.32928
-40,174,0.332306
-38,174,0.335319
-36,174,0.338302
-34,174,0.341239
-32,174,0.344113
-30,174,0.346908
-28,174,0.349606
-26,174,0.35219
-24,174,0.354645
-22,174,0.356955
-20,174,0.359103
-18,174,0.361076
-16,174,0.362861
-14,174,0.364444
-12,174,0.365815
-10,174,0.366964
-8,174,0.367884
-6,174,0.368566
-4,174,0.369007
-2,174,0.369204
0,174,0.369155
2,174,0.36886
4,174,0.368323
6,174,0.367546
8,174,0.366537
10,174,0.365302
12,174,0.363852
14,174,0.362195
16,174,0.360345
18,174,0.358314
20,174,0.356117
22,174,0.353769
24,174,0.351286
26,174,0.348684
28,174,0.345982
30,174,0.343195
32,174,0.340342
34,174,0.337439
36,174,0.334504
38,174,0.331555
40,174,0.328607
42,174,0.325677
44,174,0.322779
46,174,0.31993
48,174,0.317142
50,174,0.314428
52,174,0.311801
54,174,0.309273
56,174,0.306854
58,174,0.304552
60,174,0.302378
62,174,0.300338
64,174,0.298441
66,174,0.296691
68,174,0.295094
70,174,0.293655
72,174,0.292378
74,174,0.291265
76,174,0.29032
78,174,0.289545
80,174,0.288941
82,174,0.288509
84,174,0.288249
86,174,0.288162
88,174,0.288247
90,174,0.288504
92,174,0.28893
94,174,0.289525
96,174,0.290287
98,174,0.291211
100,174,0.292297
102,174,0.29354
104,174,0.294936
106,174,0.29648
108,174,0.298169
110,174,0.299995
112,174,0.301953
114,174,0.304035
116,174,0.306235
118,174,0.308544
120,174,0.310952
122,174,0.313451
124,174,0.316029
126,174,0.318676
128,174,0.32138
130,174,0.324128
132,174,0.326908
134,174,0.329705
136,174,0.332505
138,174,0.335294
140,174,0.338056
142,174,0.340777
144,174,0.343441
146,174,0.346033
148,174,0.348536
150,174,0.350936
152,174,0.353219
154,174,0.355368
156,174,0.357372
158,174,0.359216
160,174,0.360888
162,174,0.362378
164,174,0.363674
166,174,0.364769
168,174,0.365653
170,174,0.366322
172,174,0.36677
174,174,0.366993
176,174,0.366991
178,174,0.366762
180,174,0.366308
-180,176,0.386213
-178,176,0.385869
-176,176,0.385422
-174,176,0.384875
-172,176,0.38423
-170,176,0.383491
-168,176,0.382661
-166,176,0.381745
-164,176,0.380748
-162,176,0.379675
-160,176,0.378531
-158,176,0.377323
-156,176,0.376057
-154,176,0.374738
-152,176,0.373374
-150,176,0.371972
-148,176,0.370539
-146,176,0.369081
-144,176,0.367606
-142,176,0.366121
-140,176,0.364632
-138,176,0.363147
-136,176,0.361674
-134,176,0.360217
-132,176,0.358784
-130,176,0.357382
-128,176,0.356016
-126,176,0.354693
-124,176,0.353417
-122,176,0.352195
-120,176,0.351032
-118,176,0.349932
-116,176,0.348899
-114,176,0.347939
-112,176,0.347054
-110,176,0.346249
-108,176,0.345526
-106,176,0.344888
-104,176,0.344338
-102,176,0.343879
-100,176,0.343511
-98,176,0.343236
-96,176,0.343056
-94,176,0.342972
-92,176,0.342983
-90,176,0.34309
-88,176,0.343293
-86,176,0.343591
-84,176,0.343984
-82,176,0.344469
-80,176,0.345046
-78,176,0.345713
-76,176,0.346466
-74,176,0.347305
-72,176,0.348224
-70,176,0.349222
-68,176,0.350295
-66,176,0.351437
-64,176,0.352646
-62,176,0.353916
-60,176,0.355242
-58,176,0.356619
-56,176,0.35804
-54,176,0.3595
-52,176,0.360993
-50,176,0.362512
-48,176,0.364049
-46,176,0.365599
-44,176,0.367153
-42,176,0.368705
-40,176,0.370247
-38,176,0.371771
-36,176,0.37327
-34,176,0.374736
-32,176,0.376161
-30,176,0.377539
-28,176,0.378862
-26,176,0.380122
-24,176,0.381314
-22,176,0.382431
-20,176,0.383466
-18,176,0.384414
-16,176,0.385269
-14,176,0.386028
-12,176,0.386685
-10,176,0.387238
-8,176,0.387682
-6,176,0.388016
-4,176,0.388239
-2,176,0.388348
0,176,0.388343
2,176,0.388226
4,176,0.387996
6,176,0.387656
8,176,0.387207
10,176,0.386653
12,176,0.385998
14,176,0.385245
16,176,0.384399
18,176,0.383466
20,176,0.382451
22,176,0.38136
24,176,0.3802
26,176,0.378977
28,176,0.3777
30,176,0.376374
32,176,0.375009
34,176,0.37361
36,176,0.372187
38,176,0.370747
40,176,0.369297
42,176,0.367845
44,176,0.366399
46,176,0.364966
48,176,0.363553
50,176,0.362168
52,176,0.360817
54,176,0.359506
56,176,0.358242
58,176,0.35703
60,176,0.355876
62,176,0.354786
64,176,0.353763
66,176,0.352812
68,176,0.351937
70,176,0.351142
72,176,0.35043
74,176,0.349803
76,176,0.349265
78,176,0.348817
80,176,0.34846
82,176,0.348197
84,176,0.348027
86,176,0.347952
88,176,0.34797
90,176,0.348083
92,176,0.348289
94,176,0.348587
96,176,0.348976
98,176,0.349454
100,176,0.350019
102,176,0.350667
104,176,0.351397
106,176,0.352205
108,176,0.353088
110,176,0.354041
112,176,0.35506
114,176,0.35614
116,176,0.357277
118,176,0.358466
120,176,0.3597
122,176,0.360975
124,176,0.362283
126,176,0.363619
128,176,0.364976
130,176,0.366348
132,176,0.367727
134,176,0.369107
136,176,0.370481
138,176,0.371841
140,176,0.37318
142,176,0.374492
144,176,0.375768
146,176,0.377003
148,176,0.378189
150,176,0.37932
152,176,0.380389
154,176,0.381391
156,176,0.382319
158,176,0.383167
160,176,0.383932
162,176,0.384609
164,176,0.385193
166,176,0.38568
168,176,0.386068
170,176,0.386355
172,176,0.386538
174,176,0.386615
176,176,0.386587
178,176,0.386453
180,176,0.386213
-180,178,0.398164
-178,178,0.398052
-176,178,0.397914
-174,178,0.397749
-172,178,0.39756
-170,178,0.397346
-168,178,0.397109
-166,178,0.396849
-164,178,0.396568
-162,178,0.396267
-160,178,0.395947
-158,178,0.395609
-156,178,0.395256
-154,178,0.394889
-152,178,0.394509
-150,178,0.394119
-148,178,0.393719
-146,178,0.393313
-144,178,0.392901
-142,178,0.392486
-140,178,0.392069
-138,178,0.391653
-136,178,0.391239
-134,178,0.39083
-132,178,0.390426
-130,178,0.390031
-128,178,0.389645
-126,178,0.389271
-124,178,0.38891
-122,178,0.388564
-120,178,0.388235
-118,178,0.387924
-116,178,0.387632
-114,178,0.38736
-112,178,0.387111
-110,178,0.386885
-108,178,0.386684
-106,178,0.386507
-104,178,0.386356
-102,178,0.386232
-100,178,0.386136
-98,178,0.386067
-96,178,0.386027
-94,178,0.386015
-92,178,0.386031
-90,178,0.386076
-88,178,0.386149
-86,178,0.386251
-84,178,0.38638
-82,178,0.386537
-80,178,0.38672
-78,178,0.38693
-76,178,0.387164
-74,178,0.387423
-72,178,0.387704
-70,178,0.388008
-68,178,0.388332
-66,178,0.388676
-64,178,0.389037
-62,178,0.389414
-60,178,0.389807
-58,178,0.390212
-56,178,0.390628
-54,178,0.391053
-52,178,0.391486
-50,178,0.391924
-48,178,0.392366
-46,178,0.39281
-44,178,0.393253
-42,178,0.393693
-40,178,0.39413
-38,178,0.394559
-36,178,0.394981
-34,178,0.395392
-32,178,0.395791
-30,178,0.396176
-28,178,0.396546
-26,178,0.396898
-24,178,0.397231
-22,178,0.397543
-20,178,0.397834
-18,178,0.398101
-16,178,0.398344
-14,178,0.398562
-12,178,0.398753
-10,178,0.398917
-8,178,0.399053
-6,178,0.39916
-4,178,0.399239
-2,178,0.399289
0,178,0.39931
2,178,0.399302
4,178,0.399264
6,178,0.399199
8,178,0.399106
10,178,0.398985
12,178,0.398838
14,178,0.398665
16,178,0.398468
18,178,0.398247
20,178,0.398005
22,178,0.397742
24,178,0.397459
26,178,0.39716
28,178,0.396844
30,178,0.396514
32,178,0.396172
34,178,0.395819
36,178,0.395458
38,178,0.39509
40,178,0.394717
42,178,0.394341
44,178,0.393965
46,178,0.393589
48,178,0.393217
50,178,0.39285
52,178,0.392489
54,178,0.392138
56,178,0.391796
58,178,0.391467
60,178,0.391151
62,178,0.39085
64,178,0.390567
66,178,0.390301
68,178,0.390054
70,178,0.389829
72,178,0.389624
74,178,0.389442
76,178,0.389284
78,178,0.389149
80,178,0.389039
82,178,0.388954
84,178,0.388895
86,178,0.388861
88,178,0.388853
90,178,0.388871
92,178,0.388914
94,178,0.388982
96,178,0.389075
98,178,0.389193
100,178,0.389334
102,178,0.389497
104,178,0.389683
106,178,0.38989
108,178,0.390116
110,178,0.390361
112,178,0.390624
114,178,0.390902
116,178,0.391195
118,178,0.391501
120,178,0.391818
122,178,0.392145
124,178,0.39248
126,178,0.392821
128,178,0.393167
130,178,0.393515
132,178,0.393863
134,178,0.394211
136,178,0.394555
138,178,0.394895
140,178,0.395228
142,178,0.395552
144,178,0.395866
146,178,0.396167
148,178,0.396456
150,178,0.396728
152,178,0.396984
154,178,0.397222
156,178,0.397439
158,178,0.397636
160,178,0.39781
162,178,0.397962
164,178,0.398089
166,178,0.398191
168,178,0.398267
170,178,0.398318
172,178,0.398341
174,178,0.398337
176,178,0.398307
178,178,0.398249
180,178,0.398164
-180,180,0.402502
-178,180,0.402502
-176,180,0.402502
-174,180,0.402502
-172,180,0.402502
-170,180,0.402502
-168,180,0.402502
-166,180,0.402502
-164,180,0.402502
-162,180,0.402502
-160,180,0.402502
-158,180,0.402502
-156,180,0.402502
-154,180,0.402502
-152,180,0.402502
-150,180,0.402502
-148,180,0.402502
-146,180,0.402502
-144,180,0.402502
-142,180,0.402502
-140,180,0.402502
-138,180,0.402502
-136,180,0.402502
-134,180,0.402502
-132,180,0.402502
-130,180,0.402502
-128,180,0.402502
-126,180,0.402502
-124,180,0.402502
-122,180,0.402502
-120,180,0.402502
-118,180,0.402502
-116,180,0.402502
-114,180,0.402502
-112,180,0.402502
-110,180,0.402502
-108,180,0.402502
-106,180,0.402502
-104,180,0.402502
-102,180,0.402502
-100,180,0.402502
-98,180,0.402502
-96,180,0.402502
-94,180,0.402502
-92,180,0.402502
-90,180,0.402502
-88,180,0.402502
-86,180,0.402502
-84,180,0.402502
-82,180,0.402502
-80,180,0.402502
-78,180,0.402502
-76,180,0.402502
-74,180,0.402502
-72,180,0.402502
-70,180,0.402502
-68,180,0.402502
-66,180,0.402502
-64,180,0.402502
-62,180,0.402502
-60,180,0.402502
-58,180,0.402502
-56,180,0.402502
-54,180,0.402502
-52,180,0.402502
-50,180,0.402502
-48,180,0.402502
-46,180,0.402502
-44,180,0.402502
-42,180,0.402502
-40,180,0.402502
-38,180,0.402502
-36,180,0.402502
-34,180,0.402502
-32,180,0.402502
-30,180,0.402502
-28,180,0.402502
-26,180,0.402502
-24,180,0.402502
-22,180,0.402502
-20,180,0.402502
-18,180,0.402502
-16,180,0.402502
-14,180,0.402502
-12,180,0.402502
-10,180,0.402502
-8,180,0.402502
-6,180,0.402502
-4,180,0.402502
-2,180,0.402502
0,180,0.402502
2,180,0.402502
4,180,0.402502
6,180,0.402502
8,180,0.402502
10,180,0.402502
12,180,0.402502
14,180,0.402502
16,180,0.402502
18,180,0.402502
20,180,0.402502
22,180,0.402502
24,180,0.402502
26,180,0.402502
28,180,0.402502
30,180,0.402502
32,180,0.402502
34,180,0.402502
36,180,0.402502
38,180,0.402502
40,180,0.402502
42,180,0.402502
44,180,0.402502
46,180,0.402502
48,180,0.402502
50,180,0.402502
52,180,0.402502
54,180,0.402502
56,180,0.402502
58,180,0.402502
60,180,0.402502
62,180,0.402502
64,180,0.402502
66,180,0.402502
68,180,0.402502
70,180,0.402502
72,180,0.402502
74,180,0.402502
76,180,0.402502
78,180,0.402502
80,180,0.402502
82,180,0.402502
84,180,0.402502
86,180,0.402502
88,180,0.402502
90,180,0.402502
92,180,0.402502
94,180,0.402502
96,180,0.402502
98,180,0.402502
100,180,0.402502
102,180,0.402502
104,180,0.402502
106,180,0.402502
108,180,0.402502
110,180,0.402502
112,180,0.402502
114,180,0.402502
116,180,0.402502
118,180,0.402502
120,180,0.402502
122,180,0.402502
124,180,0.402502
126,180,0.402502
128,180,0.402502
130,180,0.402502
132,180,0.402502
134,180,0.402502
136,180,0.402502
138,180,0.402502
140,180,0.402502
142,180,0.402502
144,180,0.402502
146,180,0.402502
148,180,0.402502
150,180,0.402502
152,180,0.402502
154,180,0.402502
156,180,0.402502
158,180,0.402502
160,180,0.402502
162,180,0.402502
164,180,0.402502
166,180,0.402502
168,180,0.402502
170,180,0.402502
172,180,0.402502
174,180,0.402502
176,180,0.402502
178,180,0.402502
180,180,0.402502
